sortie_id,uav_id,battery_id,type,nodes,boxes,prep_start_s,prep_end_s,load_start_s,load_end_s,takeoff_s,return_s,battery_ready_s
Q2-001,U01,A-B01,A,8,2,0.0,300.0,0.0,60.0,300.0,1667.4240845407812,2717.8365032444626
Q2-002,U07,C-B01,C,2,6,0.0,300.0,0.0,180.0,300.0,1314.1690773290507,2884.2642791463963
Q2-003,U02,A-B02,A,15;11,3,0.0,300.0,0.0,90.0,300.0,2225.3288198275586,3461.9167255566463
Q2-004,U08,C-B02,C,6,5,0.0,300.0,0.0,150.0,300.0,1661.1905245257485,3612.363620032471
Q2-005,U05,B-B01,B,2,2,0.0,300.0,0.0,60.0,300.0,1089.1002072932436,2284.601596589314
Q2-006,U03,A-B03,A,2,3,0.0,300.0,0.0,90.0,300.0,1220.8995020771663,2086.1463082988685
Q2-007,U04,A-B04,A,11,2,0.0,300.0,0.0,60.0,300.0,1594.86272755268,2679.041362764512
Q2-008,U06,B-B02,B,9,3,0.0,300.0,0.0,90.0,300.0,1871.831435660321,3827.739405069826
Q2-009,U03,A-B05,A,2,2,300.0,600.0,1220.8995020771663,1280.8995020771663,1280.8995020771663,2171.7990041543326,3042.245788275871
Q2-010,U05,B-B03,B,3,2,300.0,600.0,1089.1002072932436,1149.1002072932436,1149.1002072932436,2545.794507391611,4334.386112723059
Q2-011,U04,A-B06,A,12;8,2,300.0,600.0,1594.86272755268,1654.86272755268,1654.86272755268,3272.2638758007924,4394.013524623769
Q2-012,U06,B-B04,B,4,3,300.0,600.0,1871.831435660321,1961.831435660321,1961.831435660321,3652.3547392038718,5523.616475642215
Q2-013,U05,B-B01,B,13,3,1149.1002072932436,1449.1002072932436,2545.794507391611,2635.794507391611,2635.794507391611,4168.534858135648,6027.891395769309
Q2-014,U06,B-B02,B,9,2,1961.831435660321,2261.831435660321,3652.3547392038718,3712.3547392038718,3827.739405069826,5369.570840730146,7233.710345882163
Q2-015,U07,C-B03,C,2;3,8,300.0,600.0,1314.1690773290507,1554.1690773290507,1554.1690773290507,3514.611669287439,6040.833628498551
Q2-016,U08,C-B04,C,7,6,300.0,600.0,1661.1905245257485,1841.1905245257485,1841.1905245257485,2922.7443924873905,4459.6850971045815
Q2-017,U08,C-B01,C,8;4,7,1841.1905245257485,2141.1905245257485,2922.7443924873905,3132.7443924873905,3132.7443924873905,5316.336810879693,7842.487652337609
Q2-018,U01,A-B03,A,14;15,2,300.0,600.0,1667.4240845407812,1727.4240845407812,2086.1463082988685,4071.4256886616777,5385.212674881331
Q2-019,U02,A-B04,A,14;10,3,300.0,600.0,2225.3288198275586,2315.3288198275586,2679.041362764512,4476.729196875436,5748.408465999433
Q2-020,U03,A-B01,A,10,2,1280.8995020771663,1580.8995020771663,2171.7990041543326,2231.7990041543326,2717.8365032444626,4046.4497350757647,5219.932379239386
Q2-021,U07,C-B02,C,6;5,7,1554.1690773290507,1854.1690773290507,3514.611669287439,3724.611669287439,3724.611669287439,5862.3523029870485,8425.581976118308
Q2-022,U04,A-B05,A,12,2,1654.86272755268,1954.86272755268,3272.2638758007924,3332.2638758007924,3332.2638758007924,4194.286822458486,5027.082774915398
Q2-023,U05,B-B03,B,16,3,2635.794507391611,2935.794507391611,4168.534858135648,4258.534858135648,4334.386112723059,5772.662750150036,7439.194683162887
