service_area,sortie_id,uav_type,box_ids,total_mass_kg,total_volume_m3,payload_utilization,volume_utilization,energy_kWh,operation_time_s,flight_time_s,remaining_energy_kWh,return_SOC,number_of_boxes,horizontal_energy_kWh,climb_energy_kWh,area_index,type_index,max_safe_payload_kg,safe_payload_utilization
S001,Q1-001,C,S001-MED-01;S001-MED-02;S001-HYG-01;S001-HYG-02;S001-FOD-01;S001-FOD-02;S001-FOD-03;S001-WAT-01;S001-WAT-02,70,0.232,0.875,0.928,2.72035151440251,1692.16907732905,618.169077329052,5.27964848559749,0.659956060699686,9,2.6198685895082,0.100482924894316,1,3,80,0.875
S001,Q1-002,C,S001-WAT-03;S001-WAT-04;S001-WAT-05;S001-WAT-06;S001-WAT-07,70,0.135,0.875,0.54,2.72035151440251,1428.16907732905,618.169077329052,5.27964848559749,0.659956060699686,5,2.6198685895082,0.100482924894316,1,3,80,0.875
S001,Q1-003,B,S001-WAT-08,14,0.027,0.466666666666667,0.36986301369863,1.00694814990618,1089.10020729324,579.100207293245,2.99305185009382,0.748262962523456,1,0.941605642462224,0.0653425074439531,1,2,30,0.466666666666667
S002,Q1-004,C,S002-MED-01;S002-HYG-01;S002-FOD-01;S002-FOD-02;S002-WAT-01;S002-WAT-02;S002-WAT-03,67,0.184,0.8375,0.736,6.28077672038276,2173.81238481521,1231.81238481521,1.71922327961724,0.214902909952155,7,6.16324636351938,0.117530356863386,2,3,68.8610722237354,0.972973522432404
S002,Q1-005,B,S002-WAT-04,14,0.027,0.466666666666667,0.36986301369863,2.36123130241162,1696.69430009841,1186.69430009841,1.63876869758838,0.409692174397095,1,2.28506224178947,0.0761690606221517,2,2,30,0.466666666666667
S003,Q1-006,C,S003-MED-01;S003-HYG-01;S003-FOD-01;S003-FOD-02;S003-WAT-01;S003-WAT-02;S003-WAT-03,67,0.184,0.8375,0.736,6.32394193682879,2502.09134960486,1560.09134960486,1.67605806317121,0.209507257896401,7,6.04006044705138,0.283881489777414,3,3,68.2083007714391,0.982285136005836
S003,Q1-007,B,S003-WAT-04,14,0.027,0.466666666666667,0.36986301369863,2.42404345960081,1960.52330354366,1450.52330354366,1.57595654039919,0.393989135099797,1,2.23939029070418,0.184653168896635,3,2,30,0.466666666666667
S004,Q1-008,C,S004-MED-01;S004-HYG-01;S004-FOD-01;S004-WAT-01;S004-WAT-02;S004-WAT-03,59,0.156,0.7375,0.624,6.15285987192202,2301.05669248316,1425.05669248316,1.84714012807798,0.230892516009748,6,5.97599153829878,0.176868333623241,4,3,63.6982528926455,0.926242044651306
S005,Q1-009,C,S005-MED-01;S005-HYG-01;S005-FOD-01;S005-WAT-01;S005-WAT-02;S005-WAT-03,59,0.156,0.7375,0.624,4.2221391566447,1877.19052452575,1001.19052452575,3.7778608433553,0.472232605419412,6,4.09048659010377,0.131652566540934,5,3,80,0.7375
S006,Q1-010,C,S006-MED-01;S006-HYG-01;S006-FOD-01;S006-WAT-01;S006-WAT-02;S006-WAT-03,59,0.156,0.7375,0.624,2.59793490935578,1561.55386796164,685.553867961642,5.40206509064422,0.675258136330527,6,2.46811436315644,0.129820546199337,6,3,80,0.7375
S007,Q1-011,C,S007-MED-01;S007-HYG-01;S007-FOD-01;S007-WAT-01;S007-WAT-02,45,0.129,0.5625,0.516,3.41080860876456,1907.56645732991,1097.56645732991,4.58919139123544,0.57364892390443,5,3.2005404168213,0.210268191943258,7,3,80,0.5625
S008,Q1-012,C,S008-MED-01;S008-HYG-01;S008-FOD-01;S008-WAT-01;S008-WAT-02,45,0.129,0.5625,0.516,5.83595722845208,2199.70121308547,1389.70121308547,2.16404277154792,0.27050534644349,5,5.7023920760016,0.133565152450482,8,3,58.9055463995464,0.763934854194757
S009,Q1-013,B,S009-MED-01;S009-FOD-01;S009-WAT-01,25,0.067,0.833333333333333,0.917808219178082,2.09620440189311,1558.44173308876,928.441733088758,1.90379559810689,0.475948899526722,3,2.02429569712711,0.0719087047660027,9,2,30,0.833333333333333
S010,Q1-014,B,S010-MED-01;S010-FOD-01;S010-WAT-01,25,0.067,0.833333333333333,0.917808219178082,1.82314449953588,1555.37956583122,925.379565831219,2.17685550046412,0.544213875116031,3,1.6976312442804,0.125513255255475,10,2,30,0.833333333333333
S011,Q1-015,B,S011-MED-01;S011-FOD-01;S011-WAT-01,25,0.067,0.833333333333333,0.917808219178082,1.07392012720654,1188.42047223501,558.42047223501,2.92607987279346,0.731519968198364,3,0.996359009983863,0.07756111722268,11,2,30,0.833333333333333
S012,Q1-016,B,S012-MED-01;S012-FOD-01;S012-WAT-01,25,0.067,0.833333333333333,0.917808219178082,2.7523612406933,1922.74035074415,1292.74035074415,1.2476387593067,0.311909689826674,3,2.622289288094,0.130071952599302,12,2,30,0.833333333333333
S013,Q1-017,B,S013-MED-01;S013-FOD-01;S013-WAT-01,25,0.067,0.833333333333333,0.917808219178082,1.82471680368131,1510.4723251019,880.472325101902,2.17528319631869,0.543820799079672,3,1.72060491774665,0.104111885934665,13,2,30,0.833333333333333
S014,Q1-018,B,S014-MED-01;S014-FOD-01;S014-WAT-01,25,0.067,0.833333333333333,0.917808219178082,2.14029983419805,1869.75641638145,1239.75641638145,1.85970016580195,0.464925041450488,3,1.92297948505463,0.217320349143417,14,2,30,0.833333333333333
S015,Q1-019,B,S015-MED-01;S015-FOD-01;S015-WAT-01,25,0.067,0.833333333333333,0.917808219178082,2.3073813838759,1828.27663742702,1198.27663742702,1.6926186161241,0.423154654031025,3,2.13224522291287,0.175136160963035,15,2,30,0.833333333333333
