service_area,uav_type,distance_m,terrain_max_m,cruise_altitude_m,outbound_climb_m,return_climb_m,rated_payload_kg,energy_limited_payload_kg,max_safe_payload_kg,round_trip_energy_kWh,round_trip_flight_time_s,reserve_fraction,energy_binding,reachable,scenario_reserve
S001,A,3053.9788435177,223.056610107422,273.056610107422,145.356610107422,89.0566101074219,25,NaN,25,1.31268708578659,680.899502077168,0,0,1,0
S001,B,3053.9788435177,223.056610107422,273.056610107422,145.356610107422,89.0566101074219,30,NaN,30,1.2739184714811,579.100207293245,0,0,1,0
S001,C,3053.9788435177,223.056610107422,273.056610107422,145.356610107422,89.0566101074219,80,NaN,80,3.08165371934487,618.169077329052,0,0,1,0
S002,A,7411.31045508378,258.954254150391,308.954254150391,181.254254150391,89.4542541503906,25,NaN,25,3.09041337885862,1433.73798193454,0,0,1,0
S002,B,7411.31045508378,258.954254150391,308.954254150391,181.254254150391,89.4542541503906,30,NaN,30,2.99872678747684,1186.69430009841,0,0,1,0
S002,C,7411.31045508378,258.954254150391,308.954254150391,181.254254150391,89.4542541503906,80,NaN,80,7.34772153530736,1231.81238481521,0,0,1,0
S003,A,7263.1792565579,511.804138183594,561.804138183594,434.104138183594,223.304138183594,25,NaN,25,3.15674146408329,1692.62927876225,0,0,1,0
S003,B,7263.1792565579,511.804138183594,561.804138183594,434.104138183594,223.304138183594,30,NaN,30,3.06432171832322,1450.52330354366,0,0,1,0
S003,C,7263.1792565579,511.804138183594,561.804138183594,434.104138183594,223.304138183594,80,NaN,80,7.38217519842428,1560.09134960486,0,0,1,0
S004,A,7714.69644911687,348.239166259766,398.239166259766,270.539166259766,169.939166259766,25,NaN,25,3.26668810109628,1608.80018536713,0,0,1,0
S004,B,7714.69644911687,348.239166259766,398.239166259766,270.539166259766,169.939166259766,30,NaN,30,3.1697950927783,1351.64363706324,0,0,1,0
S004,C,7714.69644911687,348.239166259766,398.239166259766,270.539166259766,169.939166259766,80,NaN,80,7.71524551328761,1425.05669248316,0,0,1,0
S005,A,5280.6069368728,276.410888671875,326.410888671875,198.710888671875,131.410888671875,25,NaN,25,2.24486346559174,1122.19045953088,0,0,1,0
S005,B,5280.6069368728,276.410888671875,326.410888671875,198.710888671875,131.410888671875,30,NaN,30,2.17825605534963,946.17022830179,0,0,1,0
S005,C,5280.6069368728,276.410888671875,326.410888671875,198.710888671875,131.410888671875,80,NaN,80,5.29264626167971,1001.19052452575,0,0,1,0
S006,A,3186.20817841349,316.097839355469,366.097839355469,238.397839355469,51.2978393554687,25,NaN,25,1.38967979763507,743.478194123602,0,0,1,0
S006,B,3186.20817841349,316.097839355469,366.097839355469,238.397839355469,51.2978393554687,30,NaN,30,1.35001978235105,637.271254843152,0,0,1,0
S006,C,3186.20817841349,316.097839355469,366.097839355469,238.397839355469,51.2978393554687,80,NaN,80,3.25327101476368,685.553867961642,0,0,1,0
S007,A,4534.46056681513,461.973175048828,511.973175048828,384.273175048828,163.473175048828,25,NaN,25,2.01785645953592,1157.4240845408,0,0,1,0
S007,B,4534.46056681513,461.973175048828,511.973175048828,384.273175048828,163.473175048828,30,NaN,30,1.95970291122853,1006.2753989803,0,0,1,0
S007,C,4534.46056681513,461.973175048828,511.973175048828,384.273175048828,163.473175048828,80,NaN,80,4.67934263647628,1097.56645732991,0,0,1,0
S008,A,8079.03311242328,322.909332275391,372.909332275391,245.209332275391,102.009332275391,25,NaN,25,3.38715150602844,1601.13253940779,0,0,1,0
S008,B,8079.03311242328,322.909332275391,372.909332275391,245.209332275391,102.009332275391,30,NaN,30,3.28711936326724,1331.83143566034,0,0,1,0
S008,C,8079.03311242328,322.909332275391,372.909332275391,245.209332275391,102.009332275391,80,79.6781833773275,79.6781833773275,7.99999999999957,1389.70121308547,0,1,1,0
S009,A,5705.14496227701,243.228912353516,293.228912353516,165.528912353516,63.2289123535156,25,NaN,25,2.3868195734949,1118.61323183132,0,0,1,0
S009,B,5705.14496227701,243.228912353516,293.228912353516,165.528912353516,63.2289123535156,30,NaN,30,2.31634678176773,928.441733088758,0,0,1,0
S009,C,5705.14496227701,243.228912353516,293.228912353516,165.528912353516,63.2289123535156,80,NaN,80,5.66945091749945,966.568037206596,0,0,1,0
S010,A,4784.4948516443,385.636535644531,435.636535644531,307.936535644531,84.0365356445312,25,NaN,25,2.07064819165495,1084.8627275527,0,0,1,0
S010,B,4784.4948516443,385.636535644531,435.636535644531,307.936535644531,84.0365356445312,30,NaN,30,2.01096112788109,925.379565831219,0,0,1,0
S010,C,4784.4948516443,385.636535644531,435.636535644531,307.936535644531,84.0365356445312,80,NaN,80,4.85866882991643,990.708411046063,0,0,1,0
S011,A,2808.07423268055,245.361755371094,295.361755371094,167.661755371094,83.2617553710938,25,NaN,25,1.21957762425602,652.022946657695,0,0,1,0
S011,B,2808.07423268055,245.361755371094,295.361755371094,167.661755371094,83.2617553710938,30,NaN,30,1.18390460937479,558.42047223501,0,0,1,0
S011,C,2808.07423268055,245.361755371094,295.361755371094,167.661755371094,83.2617553710938,80,NaN,80,2.85317115431804,600.241057358708,0,0,1,0
S012,A,7390.49168697761,363.300994873047,413.300994873047,285.600994873047,133.500994873047,25,NaN,25,3.13114877508343,1539.0900736434,0,0,1,0
S012,B,7390.49168697761,363.300994873047,413.300994873047,285.600994873047,133.500994873047,30,NaN,30,3.03888179950334,1292.74035074415,0,0,1,0
S012,C,7390.49168697761,363.300994873047,413.300994873047,285.600994873047,133.500994873047,80,NaN,80,7.39825937113835,1362.5906823685,0,0,1,0
S013,A,4849.24237722911,349.181823730469,399.181823730469,271.481823730469,47.4818237304688,25,NaN,25,2.07408853159633,1042.11373767621,0,0,1,0
S013,B,4849.24237722911,349.181823730469,399.181823730469,271.481823730469,47.4818237304688,30,NaN,30,2.01430671296353,880.472325101902,0,0,1,0
S013,C,4849.24237722911,349.181823730469,399.181823730469,271.481823730469,47.4818237304688,80,NaN,80,4.89141606683327,933.632933012059,0,0,1,0
S014,A,5419.60185821241,541.947387695312,591.947387695312,464.247387695313,240.947387695312,25,NaN,25,2.42559849208881,1420.40981165519,0,0,1,0
S014,B,5419.60185821241,541.947387695312,591.947387695312,464.247387695313,240.947387695312,30,NaN,30,2.35523130545233,1239.75641638145,0,0,1,0
S014,C,5419.60185821241,541.947387695312,591.947387695312,464.247387695313,240.947387695312,80,NaN,80,5.60762886325882,1357.28887894655,0,0,1,0
S015,A,6009.38297162062,521.799255371094,571.799255371094,444.099255371094,97.2992553710938,25,NaN,25,2.61917730188516,1398.58940314771,0,0,1,0
S015,B,6009.38297162062,521.799255371094,571.799255371094,444.099255371094,97.2992553710938,30,NaN,30,2.54436572043987,1198.27663742702,0,0,1,0
S015,C,6009.38297162062,521.799255371094,571.799255371094,444.099255371094,97.2992553710938,80,NaN,80,6.13287449041656,1288.50972255072,0,0,1,0
S001,A,3053.9788435177,223.056610107422,273.056610107422,145.356610107422,89.0566101074219,25,NaN,25,1.31268708578659,680.899502077168,0.05,0,1,0.05
S001,B,3053.9788435177,223.056610107422,273.056610107422,145.356610107422,89.0566101074219,30,NaN,30,1.2739184714811,579.100207293245,0.05,0,1,0.05
S001,C,3053.9788435177,223.056610107422,273.056610107422,145.356610107422,89.0566101074219,80,NaN,80,3.08165371934487,618.169077329052,0.05,0,1,0.05
S002,A,7411.31045508378,258.954254150391,308.954254150391,181.254254150391,89.4542541503906,25,NaN,25,3.09041337885862,1433.73798193454,0.05,0,1,0.05
S002,B,7411.31045508378,258.954254150391,308.954254150391,181.254254150391,89.4542541503906,30,NaN,30,2.99872678747684,1186.69430009841,0.05,0,1,0.05
S002,C,7411.31045508378,258.954254150391,308.954254150391,181.254254150391,89.4542541503906,80,NaN,80,7.34772153530736,1231.81238481521,0.05,0,1,0.05
S003,A,7263.1792565579,511.804138183594,561.804138183594,434.104138183594,223.304138183594,25,NaN,25,3.15674146408329,1692.62927876225,0.05,0,1,0.05
S003,B,7263.1792565579,511.804138183594,561.804138183594,434.104138183594,223.304138183594,30,NaN,30,3.06432171832322,1450.52330354366,0.05,0,1,0.05
S003,C,7263.1792565579,511.804138183594,561.804138183594,434.104138183594,223.304138183594,80,NaN,80,7.38217519842428,1560.09134960486,0.05,0,1,0.05
S004,A,7714.69644911687,348.239166259766,398.239166259766,270.539166259766,169.939166259766,25,NaN,25,3.26668810109628,1608.80018536713,0.05,0,1,0.05
S004,B,7714.69644911687,348.239166259766,398.239166259766,270.539166259766,169.939166259766,30,NaN,30,3.1697950927783,1351.64363706324,0.05,0,1,0.05
S004,C,7714.69644911687,348.239166259766,398.239166259766,270.539166259766,169.939166259766,80,78.9586849143961,78.9586849143961,7.59999999999536,1425.05669248316,0.05,1,1,0.05
S005,A,5280.6069368728,276.410888671875,326.410888671875,198.710888671875,131.410888671875,25,NaN,25,2.24486346559174,1122.19045953088,0.05,0,1,0.05
S005,B,5280.6069368728,276.410888671875,326.410888671875,198.710888671875,131.410888671875,30,NaN,30,2.17825605534963,946.17022830179,0.05,0,1,0.05
S005,C,5280.6069368728,276.410888671875,326.410888671875,198.710888671875,131.410888671875,80,NaN,80,5.29264626167971,1001.19052452575,0.05,0,1,0.05
S006,A,3186.20817841349,316.097839355469,366.097839355469,238.397839355469,51.2978393554687,25,NaN,25,1.38967979763507,743.478194123602,0.05,0,1,0.05
S006,B,3186.20817841349,316.097839355469,366.097839355469,238.397839355469,51.2978393554687,30,NaN,30,1.35001978235105,637.271254843152,0.05,0,1,0.05
S006,C,3186.20817841349,316.097839355469,366.097839355469,238.397839355469,51.2978393554687,80,NaN,80,3.25327101476368,685.553867961642,0.05,0,1,0.05
S007,A,4534.46056681513,461.973175048828,511.973175048828,384.273175048828,163.473175048828,25,NaN,25,2.01785645953592,1157.4240845408,0.05,0,1,0.05
S007,B,4534.46056681513,461.973175048828,511.973175048828,384.273175048828,163.473175048828,30,NaN,30,1.95970291122853,1006.2753989803,0.05,0,1,0.05
S007,C,4534.46056681513,461.973175048828,511.973175048828,384.273175048828,163.473175048828,80,NaN,80,4.67934263647628,1097.56645732991,0.05,0,1,0.05
S008,A,8079.03311242328,322.909332275391,372.909332275391,245.209332275391,102.009332275391,25,NaN,25,3.38715150602844,1601.13253940779,0.05,0,1,0.05
S008,B,8079.03311242328,322.909332275391,372.909332275391,245.209332275391,102.009332275391,30,NaN,30,3.28711936326724,1331.83143566034,0.05,0,1,0.05
S008,C,8079.03311242328,322.909332275391,372.909332275391,245.209332275391,102.009332275391,80,75.9401396705653,75.9401396705653,7.59999999999568,1389.70121308547,0.05,1,1,0.05
S009,A,5705.14496227701,243.228912353516,293.228912353516,165.528912353516,63.2289123535156,25,NaN,25,2.3868195734949,1118.61323183132,0.05,0,1,0.05
S009,B,5705.14496227701,243.228912353516,293.228912353516,165.528912353516,63.2289123535156,30,NaN,30,2.31634678176773,928.441733088758,0.05,0,1,0.05
S009,C,5705.14496227701,243.228912353516,293.228912353516,165.528912353516,63.2289123535156,80,NaN,80,5.66945091749945,966.568037206596,0.05,0,1,0.05
S010,A,4784.4948516443,385.636535644531,435.636535644531,307.936535644531,84.0365356445312,25,NaN,25,2.07064819165495,1084.8627275527,0.05,0,1,0.05
S010,B,4784.4948516443,385.636535644531,435.636535644531,307.936535644531,84.0365356445312,30,NaN,30,2.01096112788109,925.379565831219,0.05,0,1,0.05
S010,C,4784.4948516443,385.636535644531,435.636535644531,307.936535644531,84.0365356445312,80,NaN,80,4.85866882991643,990.708411046063,0.05,0,1,0.05
S011,A,2808.07423268055,245.361755371094,295.361755371094,167.661755371094,83.2617553710938,25,NaN,25,1.21957762425602,652.022946657695,0.05,0,1,0.05
S011,B,2808.07423268055,245.361755371094,295.361755371094,167.661755371094,83.2617553710938,30,NaN,30,1.18390460937479,558.42047223501,0.05,0,1,0.05
S011,C,2808.07423268055,245.361755371094,295.361755371094,167.661755371094,83.2617553710938,80,NaN,80,2.85317115431804,600.241057358708,0.05,0,1,0.05
S012,A,7390.49168697761,363.300994873047,413.300994873047,285.600994873047,133.500994873047,25,NaN,25,3.13114877508343,1539.0900736434,0.05,0,1,0.05
S012,B,7390.49168697761,363.300994873047,413.300994873047,285.600994873047,133.500994873047,30,NaN,30,3.03888179950334,1292.74035074415,0.05,0,1,0.05
S012,C,7390.49168697761,363.300994873047,413.300994873047,285.600994873047,133.500994873047,80,NaN,80,7.39825937113835,1362.5906823685,0.05,0,1,0.05
S013,A,4849.24237722911,349.181823730469,399.181823730469,271.481823730469,47.4818237304688,25,NaN,25,2.07408853159633,1042.11373767621,0.05,0,1,0.05
S013,B,4849.24237722911,349.181823730469,399.181823730469,271.481823730469,47.4818237304688,30,NaN,30,2.01430671296353,880.472325101902,0.05,0,1,0.05
S013,C,4849.24237722911,349.181823730469,399.181823730469,271.481823730469,47.4818237304688,80,NaN,80,4.89141606683327,933.632933012059,0.05,0,1,0.05
S014,A,5419.60185821241,541.947387695312,591.947387695312,464.247387695313,240.947387695312,25,NaN,25,2.42559849208881,1420.40981165519,0.05,0,1,0.05
S014,B,5419.60185821241,541.947387695312,591.947387695312,464.247387695313,240.947387695312,30,NaN,30,2.35523130545233,1239.75641638145,0.05,0,1,0.05
S014,C,5419.60185821241,541.947387695312,591.947387695312,464.247387695313,240.947387695312,80,NaN,80,5.60762886325882,1357.28887894655,0.05,0,1,0.05
S015,A,6009.38297162062,521.799255371094,571.799255371094,444.099255371094,97.2992553710938,25,NaN,25,2.61917730188516,1398.58940314771,0.05,0,1,0.05
S015,B,6009.38297162062,521.799255371094,571.799255371094,444.099255371094,97.2992553710938,30,NaN,30,2.54436572043987,1198.27663742702,0.05,0,1,0.05
S015,C,6009.38297162062,521.799255371094,571.799255371094,444.099255371094,97.2992553710938,80,NaN,80,6.13287449041656,1288.50972255072,0.05,0,1,0.05
S001,A,3053.9788435177,223.056610107422,273.056610107422,145.356610107422,89.0566101074219,25,NaN,25,1.31268708578659,680.899502077168,0.1,0,1,0.1
S001,B,3053.9788435177,223.056610107422,273.056610107422,145.356610107422,89.0566101074219,30,NaN,30,1.2739184714811,579.100207293245,0.1,0,1,0.1
S001,C,3053.9788435177,223.056610107422,273.056610107422,145.356610107422,89.0566101074219,80,NaN,80,3.08165371934487,618.169077329052,0.1,0,1,0.1
S002,A,7411.31045508378,258.954254150391,308.954254150391,181.254254150391,89.4542541503906,25,NaN,25,3.09041337885862,1433.73798193454,0.1,0,1,0.1
S002,B,7411.31045508378,258.954254150391,308.954254150391,181.254254150391,89.4542541503906,30,NaN,30,2.99872678747684,1186.69430009841,0.1,0,1,0.1
S002,C,7411.31045508378,258.954254150391,308.954254150391,181.254254150391,89.4542541503906,80,78.5943999492883,78.5943999492883,7.19999999999503,1231.81238481521,0.1,1,1,0.1
S003,A,7263.1792565579,511.804138183594,561.804138183594,434.104138183594,223.304138183594,25,NaN,25,3.15674146408329,1692.62927876225,0.1,0,1,0.1
S003,B,7263.1792565579,511.804138183594,561.804138183594,434.104138183594,223.304138183594,30,NaN,30,3.06432171832322,1450.52330354366,0.1,0,1,0.1
S003,C,7263.1792565579,511.804138183594,561.804138183594,434.104138183594,223.304138183594,80,78.2326235958317,78.2326235958317,7.19999999999867,1560.09134960486,0.1,1,1,0.1
S004,A,7714.69644911687,348.239166259766,398.239166259766,270.539166259766,169.939166259766,25,NaN,25,3.26668810109628,1608.80018536713,0.1,0,1,0.1
S004,B,7714.69644911687,348.239166259766,398.239166259766,270.539166259766,169.939166259766,30,NaN,30,3.1697950927783,1351.64363706324,0.1,0,1,0.1
S004,C,7714.69644911687,348.239166259766,398.239166259766,270.539166259766,169.939166259766,80,74.8851573831053,74.8851573831053,7.1999999999994,1425.05669248316,0.1,1,1,0.1
S005,A,5280.6069368728,276.410888671875,326.410888671875,198.710888671875,131.410888671875,25,NaN,25,2.24486346559174,1122.19045953088,0.1,0,1,0.1
S005,B,5280.6069368728,276.410888671875,326.410888671875,198.710888671875,131.410888671875,30,NaN,30,2.17825605534963,946.17022830179,0.1,0,1,0.1
S005,C,5280.6069368728,276.410888671875,326.410888671875,198.710888671875,131.410888671875,80,NaN,80,5.29264626167971,1001.19052452575,0.1,0,1,0.1
S006,A,3186.20817841349,316.097839355469,366.097839355469,238.397839355469,51.2978393554687,25,NaN,25,1.38967979763507,743.478194123602,0.1,0,1,0.1
S006,B,3186.20817841349,316.097839355469,366.097839355469,238.397839355469,51.2978393554687,30,NaN,30,1.35001978235105,637.271254843152,0.1,0,1,0.1
S006,C,3186.20817841349,316.097839355469,366.097839355469,238.397839355469,51.2978393554687,80,NaN,80,3.25327101476368,685.553867961642,0.1,0,1,0.1
S007,A,4534.46056681513,461.973175048828,511.973175048828,384.273175048828,163.473175048828,25,NaN,25,2.01785645953592,1157.4240845408,0.1,0,1,0.1
S007,B,4534.46056681513,461.973175048828,511.973175048828,384.273175048828,163.473175048828,30,NaN,30,1.95970291122853,1006.2753989803,0.1,0,1,0.1
S007,C,4534.46056681513,461.973175048828,511.973175048828,384.273175048828,163.473175048828,80,NaN,80,4.67934263647628,1097.56645732991,0.1,0,1,0.1
S008,A,8079.03311242328,322.909332275391,372.909332275391,245.209332275391,102.009332275391,25,NaN,25,3.38715150602844,1601.13253940779,0.1,0,1,0.1
S008,B,8079.03311242328,322.909332275391,372.909332275391,245.209332275391,102.009332275391,30,NaN,30,3.28711936326724,1331.83143566034,0.1,0,1,0.1
S008,C,8079.03311242328,322.909332275391,372.909332275391,245.209332275391,102.009332275391,80,71.4389938104432,71.4389938104432,7.19999999999531,1389.70121308547,0.1,1,1,0.1
S009,A,5705.14496227701,243.228912353516,293.228912353516,165.528912353516,63.2289123535156,25,NaN,25,2.3868195734949,1118.61323183132,0.1,0,1,0.1
S009,B,5705.14496227701,243.228912353516,293.228912353516,165.528912353516,63.2289123535156,30,NaN,30,2.31634678176773,928.441733088758,0.1,0,1,0.1
S009,C,5705.14496227701,243.228912353516,293.228912353516,165.528912353516,63.2289123535156,80,NaN,80,5.66945091749945,966.568037206596,0.1,0,1,0.1
S010,A,4784.4948516443,385.636535644531,435.636535644531,307.936535644531,84.0365356445312,25,NaN,25,2.07064819165495,1084.8627275527,0.1,0,1,0.1
S010,B,4784.4948516443,385.636535644531,435.636535644531,307.936535644531,84.0365356445312,30,NaN,30,2.01096112788109,925.379565831219,0.1,0,1,0.1
S010,C,4784.4948516443,385.636535644531,435.636535644531,307.936535644531,84.0365356445312,80,NaN,80,4.85866882991643,990.708411046063,0.1,0,1,0.1
S011,A,2808.07423268055,245.361755371094,295.361755371094,167.661755371094,83.2617553710938,25,NaN,25,1.21957762425602,652.022946657695,0.1,0,1,0.1
S011,B,2808.07423268055,245.361755371094,295.361755371094,167.661755371094,83.2617553710938,30,NaN,30,1.18390460937479,558.42047223501,0.1,0,1,0.1
S011,C,2808.07423268055,245.361755371094,295.361755371094,167.661755371094,83.2617553710938,80,NaN,80,2.85317115431804,600.241057358708,0.1,0,1,0.1
S012,A,7390.49168697761,363.300994873047,413.300994873047,285.600994873047,133.500994873047,25,NaN,25,3.13114877508343,1539.0900736434,0.1,0,1,0.1
S012,B,7390.49168697761,363.300994873047,413.300994873047,285.600994873047,133.500994873047,30,NaN,30,3.03888179950334,1292.74035074415,0.1,0,1,0.1
S012,C,7390.49168697761,363.300994873047,413.300994873047,285.600994873047,133.500994873047,80,78.0926944120438,78.0926944120438,7.19999999999765,1362.5906823685,0.1,1,1,0.1
S013,A,4849.24237722911,349.181823730469,399.181823730469,271.481823730469,47.4818237304688,25,NaN,25,2.07408853159633,1042.11373767621,0.1,0,1,0.1
S013,B,4849.24237722911,349.181823730469,399.181823730469,271.481823730469,47.4818237304688,30,NaN,30,2.01430671296353,880.472325101902,0.1,0,1,0.1
S013,C,4849.24237722911,349.181823730469,399.181823730469,271.481823730469,47.4818237304688,80,NaN,80,4.89141606683327,933.632933012059,0.1,0,1,0.1
S014,A,5419.60185821241,541.947387695312,591.947387695312,464.247387695313,240.947387695312,25,NaN,25,2.42559849208881,1420.40981165519,0.1,0,1,0.1
S014,B,5419.60185821241,541.947387695312,591.947387695312,464.247387695313,240.947387695312,30,NaN,30,2.35523130545233,1239.75641638145,0.1,0,1,0.1
S014,C,5419.60185821241,541.947387695312,591.947387695312,464.247387695313,240.947387695312,80,NaN,80,5.60762886325882,1357.28887894655,0.1,0,1,0.1
S015,A,6009.38297162062,521.799255371094,571.799255371094,444.099255371094,97.2992553710938,25,NaN,25,2.61917730188516,1398.58940314771,0.1,0,1,0.1
S015,B,6009.38297162062,521.799255371094,571.799255371094,444.099255371094,97.2992553710938,30,NaN,30,2.54436572043987,1198.27663742702,0.1,0,1,0.1
S015,C,6009.38297162062,521.799255371094,571.799255371094,444.099255371094,97.2992553710938,80,NaN,80,6.13287449041656,1288.50972255072,0.1,0,1,0.1
S001,A,3053.9788435177,223.056610107422,273.056610107422,145.356610107422,89.0566101074219,25,NaN,25,1.31268708578659,680.899502077168,0.15,0,1,0.15
S001,B,3053.9788435177,223.056610107422,273.056610107422,145.356610107422,89.0566101074219,30,NaN,30,1.2739184714811,579.100207293245,0.15,0,1,0.15
S001,C,3053.9788435177,223.056610107422,273.056610107422,145.356610107422,89.0566101074219,80,NaN,80,3.08165371934487,618.169077329052,0.15,0,1,0.15
S002,A,7411.31045508378,258.954254150391,308.954254150391,181.254254150391,89.4542541503906,25,NaN,25,3.09041337885862,1433.73798193454,0.15,0,1,0.15
S002,B,7411.31045508378,258.954254150391,308.954254150391,181.254254150391,89.4542541503906,30,NaN,30,2.99872678747684,1186.69430009841,0.15,0,1,0.15
S002,C,7411.31045508378,258.954254150391,308.954254150391,181.254254150391,89.4542541503906,80,74.2417914554244,74.2417914554244,6.79999999999889,1231.81238481521,0.15,1,1,0.15
S003,A,7263.1792565579,511.804138183594,561.804138183594,434.104138183594,223.304138183594,25,NaN,25,3.15674146408329,1692.62927876225,0.15,0,1,0.15
S003,B,7263.1792565579,511.804138183594,561.804138183594,434.104138183594,223.304138183594,30,NaN,30,3.06432171832322,1450.52330354366,0.15,0,1,0.15
S003,C,7263.1792565579,511.804138183594,561.804138183594,434.104138183594,223.304138183594,80,73.7538343261258,73.7538343261258,6.7999999999946,1560.09134960486,0.15,1,1,0.15
S004,A,7714.69644911687,348.239166259766,398.239166259766,270.539166259766,169.939166259766,25,NaN,25,3.26668810109628,1608.80018536713,0.15,0,1,0.15
S004,B,7714.69644911687,348.239166259766,398.239166259766,270.539166259766,169.939166259766,30,NaN,30,3.1697950927783,1351.64363706324,0.15,0,1,0.15
S004,C,7714.69644911687,348.239166259766,398.239166259766,270.539166259766,169.939166259766,80,69.9144045051798,69.9144045051798,6.79999999999828,1425.05669248316,0.15,1,1,0.15
S005,A,5280.6069368728,276.410888671875,326.410888671875,198.710888671875,131.410888671875,25,NaN,25,2.24486346559174,1122.19045953088,0.15,0,1,0.15
S005,B,5280.6069368728,276.410888671875,326.410888671875,198.710888671875,131.410888671875,30,NaN,30,2.17825605534963,946.17022830179,0.15,0,1,0.15
S005,C,5280.6069368728,276.410888671875,326.410888671875,198.710888671875,131.410888671875,80,NaN,80,5.29264626167971,1001.19052452575,0.15,0,1,0.15
S006,A,3186.20817841349,316.097839355469,366.097839355469,238.397839355469,51.2978393554687,25,NaN,25,1.38967979763507,743.478194123602,0.15,0,1,0.15
S006,B,3186.20817841349,316.097839355469,366.097839355469,238.397839355469,51.2978393554687,30,NaN,30,1.35001978235105,637.271254843152,0.15,0,1,0.15
S006,C,3186.20817841349,316.097839355469,366.097839355469,238.397839355469,51.2978393554687,80,NaN,80,3.25327101476368,685.553867961642,0.15,0,1,0.15
S007,A,4534.46056681513,461.973175048828,511.973175048828,384.273175048828,163.473175048828,25,NaN,25,2.01785645953592,1157.4240845408,0.15,0,1,0.15
S007,B,4534.46056681513,461.973175048828,511.973175048828,384.273175048828,163.473175048828,30,NaN,30,1.95970291122853,1006.2753989803,0.15,0,1,0.15
S007,C,4534.46056681513,461.973175048828,511.973175048828,384.273175048828,163.473175048828,80,NaN,80,4.67934263647628,1097.56645732991,0.15,0,1,0.15
S008,A,8079.03311242328,322.909332275391,372.909332275391,245.209332275391,102.009332275391,25,NaN,25,3.38715150602844,1601.13253940779,0.15,0,1,0.15
S008,B,8079.03311242328,322.909332275391,372.909332275391,245.209332275391,102.009332275391,30,NaN,30,3.28711936326724,1331.83143566034,0.15,0,1,0.15
S008,C,8079.03311242328,322.909332275391,372.909332275391,245.209332275391,102.009332275391,80,65.9035864189354,65.9035864189354,6.79999999999705,1389.70121308547,0.15,1,1,0.15
S009,A,5705.14496227701,243.228912353516,293.228912353516,165.528912353516,63.2289123535156,25,NaN,25,2.3868195734949,1118.61323183132,0.15,0,1,0.15
S009,B,5705.14496227701,243.228912353516,293.228912353516,165.528912353516,63.2289123535156,30,NaN,30,2.31634678176773,928.441733088758,0.15,0,1,0.15
S009,C,5705.14496227701,243.228912353516,293.228912353516,165.528912353516,63.2289123535156,80,NaN,80,5.66945091749945,966.568037206596,0.15,0,1,0.15
S010,A,4784.4948516443,385.636535644531,435.636535644531,307.936535644531,84.0365356445312,25,NaN,25,2.07064819165495,1084.8627275527,0.15,0,1,0.15
S010,B,4784.4948516443,385.636535644531,435.636535644531,307.936535644531,84.0365356445312,30,NaN,30,2.01096112788109,925.379565831219,0.15,0,1,0.15
S010,C,4784.4948516443,385.636535644531,435.636535644531,307.936535644531,84.0365356445312,80,NaN,80,4.85866882991643,990.708411046063,0.15,0,1,0.15
S011,A,2808.07423268055,245.361755371094,295.361755371094,167.661755371094,83.2617553710938,25,NaN,25,1.21957762425602,652.022946657695,0.15,0,1,0.15
S011,B,2808.07423268055,245.361755371094,295.361755371094,167.661755371094,83.2617553710938,30,NaN,30,1.18390460937479,558.42047223501,0.15,0,1,0.15
S011,C,2808.07423268055,245.361755371094,295.361755371094,167.661755371094,83.2617553710938,80,NaN,80,2.85317115431804,600.241057358708,0.15,0,1,0.15
S012,A,7390.49168697761,363.300994873047,413.300994873047,285.600994873047,133.500994873047,25,NaN,25,3.13114877508343,1539.0900736434,0.15,0,1,0.15
S012,B,7390.49168697761,363.300994873047,413.300994873047,285.600994873047,133.500994873047,30,NaN,30,3.03888179950334,1292.74035074415,0.15,0,1,0.15
S012,C,7390.49168697761,363.300994873047,413.300994873047,285.600994873047,133.500994873047,80,73.6362219485454,73.6362219485454,6.79999999999445,1362.5906823685,0.15,1,1,0.15
S013,A,4849.24237722911,349.181823730469,399.181823730469,271.481823730469,47.4818237304688,25,NaN,25,2.07408853159633,1042.11373767621,0.15,0,1,0.15
S013,B,4849.24237722911,349.181823730469,399.181823730469,271.481823730469,47.4818237304688,30,NaN,30,2.01430671296353,880.472325101902,0.15,0,1,0.15
S013,C,4849.24237722911,349.181823730469,399.181823730469,271.481823730469,47.4818237304688,80,NaN,80,4.89141606683327,933.632933012059,0.15,0,1,0.15
S014,A,5419.60185821241,541.947387695312,591.947387695312,464.247387695313,240.947387695312,25,NaN,25,2.42559849208881,1420.40981165519,0.15,0,1,0.15
S014,B,5419.60185821241,541.947387695312,591.947387695312,464.247387695313,240.947387695312,30,NaN,30,2.35523130545233,1239.75641638145,0.15,0,1,0.15
S014,C,5419.60185821241,541.947387695312,591.947387695312,464.247387695313,240.947387695312,80,NaN,80,5.60762886325882,1357.28887894655,0.15,0,1,0.15
S015,A,6009.38297162062,521.799255371094,571.799255371094,444.099255371094,97.2992553710938,25,NaN,25,2.61917730188516,1398.58940314771,0.15,0,1,0.15
S015,B,6009.38297162062,521.799255371094,571.799255371094,444.099255371094,97.2992553710938,30,NaN,30,2.54436572043987,1198.27663742702,0.15,0,1,0.15
S015,C,6009.38297162062,521.799255371094,571.799255371094,444.099255371094,97.2992553710938,80,NaN,80,6.13287449041656,1288.50972255072,0.15,0,1,0.15
S001,A,3053.9788435177,223.056610107422,273.056610107422,145.356610107422,89.0566101074219,25,NaN,25,1.31268708578659,680.899502077168,0.2,0,1,0.2
S001,B,3053.9788435177,223.056610107422,273.056610107422,145.356610107422,89.0566101074219,30,NaN,30,1.2739184714811,579.100207293245,0.2,0,1,0.2
S001,C,3053.9788435177,223.056610107422,273.056610107422,145.356610107422,89.0566101074219,80,NaN,80,3.08165371934487,618.169077329052,0.2,0,1,0.2
S002,A,7411.31045508378,258.954254150391,308.954254150391,181.254254150391,89.4542541503906,25,NaN,25,3.09041337885862,1433.73798193454,0.2,0,1,0.2
S002,B,7411.31045508378,258.954254150391,308.954254150391,181.254254150391,89.4542541503906,30,NaN,30,2.99872678747684,1186.69430009841,0.2,0,1,0.2
S002,C,7411.31045508378,258.954254150391,308.954254150391,181.254254150391,89.4542541503906,80,68.8610722237354,68.8610722237354,6.39999999999765,1231.81238481521,0.2,1,1,0.2
S003,A,7263.1792565579,511.804138183594,561.804138183594,434.104138183594,223.304138183594,25,NaN,25,3.15674146408329,1692.62927876225,0.2,0,1,0.2
S003,B,7263.1792565579,511.804138183594,561.804138183594,434.104138183594,223.304138183594,30,NaN,30,3.06432171832322,1450.52330354366,0.2,0,1,0.2
S003,C,7263.1792565579,511.804138183594,561.804138183594,434.104138183594,223.304138183594,80,68.2083007714391,68.2083007714391,6.3999999999978,1560.09134960486,0.2,1,1,0.2
S004,A,7714.69644911687,348.239166259766,398.239166259766,270.539166259766,169.939166259766,25,NaN,25,3.26668810109628,1608.80018536713,0.2,0,1,0.2
S004,B,7714.69644911687,348.239166259766,398.239166259766,270.539166259766,169.939166259766,30,NaN,30,3.1697950927783,1351.64363706324,0.2,0,1,0.2
S004,C,7714.69644911687,348.239166259766,398.239166259766,270.539166259766,169.939166259766,80,63.6982528926455,63.6982528926455,6.39999999999734,1425.05669248316,0.2,1,1,0.2
S005,A,5280.6069368728,276.410888671875,326.410888671875,198.710888671875,131.410888671875,25,NaN,25,2.24486346559174,1122.19045953088,0.2,0,1,0.2
S005,B,5280.6069368728,276.410888671875,326.410888671875,198.710888671875,131.410888671875,30,NaN,30,2.17825605534963,946.17022830179,0.2,0,1,0.2
S005,C,5280.6069368728,276.410888671875,326.410888671875,198.710888671875,131.410888671875,80,NaN,80,5.29264626167971,1001.19052452575,0.2,0,1,0.2
S006,A,3186.20817841349,316.097839355469,366.097839355469,238.397839355469,51.2978393554687,25,NaN,25,1.38967979763507,743.478194123602,0.2,0,1,0.2
S006,B,3186.20817841349,316.097839355469,366.097839355469,238.397839355469,51.2978393554687,30,NaN,30,1.35001978235105,637.271254843152,0.2,0,1,0.2
S006,C,3186.20817841349,316.097839355469,366.097839355469,238.397839355469,51.2978393554687,80,NaN,80,3.25327101476368,685.553867961642,0.2,0,1,0.2
S007,A,4534.46056681513,461.973175048828,511.973175048828,384.273175048828,163.473175048828,25,NaN,25,2.01785645953592,1157.4240845408,0.2,0,1,0.2
S007,B,4534.46056681513,461.973175048828,511.973175048828,384.273175048828,163.473175048828,30,NaN,30,1.95970291122853,1006.2753989803,0.2,0,1,0.2
S007,C,4534.46056681513,461.973175048828,511.973175048828,384.273175048828,163.473175048828,80,NaN,80,4.67934263647628,1097.56645732991,0.2,0,1,0.2
S008,A,8079.03311242328,322.909332275391,372.909332275391,245.209332275391,102.009332275391,25,NaN,25,3.38715150602844,1601.13253940779,0.2,0,1,0.2
S008,B,8079.03311242328,322.909332275391,372.909332275391,245.209332275391,102.009332275391,30,28.8018967961762,28.8018967961762,3.19999999999878,1331.83143566034,0.2,1,1,0.2
S008,C,8079.03311242328,322.909332275391,372.909332275391,245.209332275391,102.009332275391,80,58.9055463995464,58.9055463995464,6.39999999999861,1389.70121308547,0.2,1,1,0.2
S009,A,5705.14496227701,243.228912353516,293.228912353516,165.528912353516,63.2289123535156,25,NaN,25,2.3868195734949,1118.61323183132,0.2,0,1,0.2
S009,B,5705.14496227701,243.228912353516,293.228912353516,165.528912353516,63.2289123535156,30,NaN,30,2.31634678176773,928.441733088758,0.2,0,1,0.2
S009,C,5705.14496227701,243.228912353516,293.228912353516,165.528912353516,63.2289123535156,80,NaN,80,5.66945091749945,966.568037206596,0.2,0,1,0.2
S010,A,4784.4948516443,385.636535644531,435.636535644531,307.936535644531,84.0365356445312,25,NaN,25,2.07064819165495,1084.8627275527,0.2,0,1,0.2
S010,B,4784.4948516443,385.636535644531,435.636535644531,307.936535644531,84.0365356445312,30,NaN,30,2.01096112788109,925.379565831219,0.2,0,1,0.2
S010,C,4784.4948516443,385.636535644531,435.636535644531,307.936535644531,84.0365356445312,80,NaN,80,4.85866882991643,990.708411046063,0.2,0,1,0.2
S011,A,2808.07423268055,245.361755371094,295.361755371094,167.661755371094,83.2617553710938,25,NaN,25,1.21957762425602,652.022946657695,0.2,0,1,0.2
S011,B,2808.07423268055,245.361755371094,295.361755371094,167.661755371094,83.2617553710938,30,NaN,30,1.18390460937479,558.42047223501,0.2,0,1,0.2
S011,C,2808.07423268055,245.361755371094,295.361755371094,167.661755371094,83.2617553710938,80,NaN,80,2.85317115431804,600.241057358708,0.2,0,1,0.2
S012,A,7390.49168697761,363.300994873047,413.300994873047,285.600994873047,133.500994873047,25,NaN,25,3.13114877508343,1539.0900736434,0.2,0,1,0.2
S012,B,7390.49168697761,363.300994873047,413.300994873047,285.600994873047,133.500994873047,30,NaN,30,3.03888179950334,1292.74035074415,0.2,0,1,0.2
S012,C,7390.49168697761,363.300994873047,413.300994873047,285.600994873047,133.500994873047,80,68.1183556612814,68.1183556612814,6.39999999999877,1362.5906823685,0.2,1,1,0.2
S013,A,4849.24237722911,349.181823730469,399.181823730469,271.481823730469,47.4818237304688,25,NaN,25,2.07408853159633,1042.11373767621,0.2,0,1,0.2
S013,B,4849.24237722911,349.181823730469,399.181823730469,271.481823730469,47.4818237304688,30,NaN,30,2.01430671296353,880.472325101902,0.2,0,1,0.2
S013,C,4849.24237722911,349.181823730469,399.181823730469,271.481823730469,47.4818237304688,80,NaN,80,4.89141606683327,933.632933012059,0.2,0,1,0.2
S014,A,5419.60185821241,541.947387695312,591.947387695312,464.247387695313,240.947387695312,25,NaN,25,2.42559849208881,1420.40981165519,0.2,0,1,0.2
S014,B,5419.60185821241,541.947387695312,591.947387695312,464.247387695313,240.947387695312,30,NaN,30,2.35523130545233,1239.75641638145,0.2,0,1,0.2
S014,C,5419.60185821241,541.947387695312,591.947387695312,464.247387695313,240.947387695312,80,NaN,80,5.60762886325882,1357.28887894655,0.2,0,1,0.2
S015,A,6009.38297162062,521.799255371094,571.799255371094,444.099255371094,97.2992553710938,25,NaN,25,2.61917730188516,1398.58940314771,0.2,0,1,0.2
S015,B,6009.38297162062,521.799255371094,571.799255371094,444.099255371094,97.2992553710938,30,NaN,30,2.54436572043987,1198.27663742702,0.2,0,1,0.2
S015,C,6009.38297162062,521.799255371094,571.799255371094,444.099255371094,97.2992553710938,80,NaN,80,6.13287449041656,1288.50972255072,0.2,0,1,0.2
S001,A,3053.9788435177,223.056610107422,273.056610107422,145.356610107422,89.0566101074219,25,NaN,25,1.31268708578659,680.899502077168,0.25,0,1,0.25
S001,B,3053.9788435177,223.056610107422,273.056610107422,145.356610107422,89.0566101074219,30,NaN,30,1.2739184714811,579.100207293245,0.25,0,1,0.25
S001,C,3053.9788435177,223.056610107422,273.056610107422,145.356610107422,89.0566101074219,80,NaN,80,3.08165371934487,618.169077329052,0.25,0,1,0.25
S002,A,7411.31045508378,258.954254150391,308.954254150391,181.254254150391,89.4542541503906,25,NaN,25,3.09041337885862,1433.73798193454,0.25,0,1,0.25
S002,B,7411.31045508378,258.954254150391,308.954254150391,181.254254150391,89.4542541503906,30,NaN,30,2.99872678747684,1186.69430009841,0.25,0,1,0.25
S002,C,7411.31045508378,258.954254150391,308.954254150391,181.254254150391,89.4542541503906,80,62.0163247818709,62.0163247818709,5.99999999999672,1231.81238481521,0.25,1,1,0.25
S003,A,7263.1792565579,511.804138183594,561.804138183594,434.104138183594,223.304138183594,25,NaN,25,3.15674146408329,1692.62927876225,0.25,0,1,0.25
S003,B,7263.1792565579,511.804138183594,561.804138183594,434.104138183594,223.304138183594,30,29.0378467370647,29.0378467370647,2.99999999999702,1450.52330354366,0.25,1,1,0.25
S003,C,7263.1792565579,511.804138183594,561.804138183594,434.104138183594,223.304138183594,80,61.1467611427361,61.1467611427361,5.99999999999765,1560.09134960486,0.25,1,1,0.25
S004,A,7714.69644911687,348.239166259766,398.239166259766,270.539166259766,169.939166259766,25,NaN,25,3.26668810109628,1608.80018536713,0.25,0,1,0.25
S004,B,7714.69644911687,348.239166259766,398.239166259766,270.539166259766,169.939166259766,30,27.4130617969968,27.4130617969968,2.9999999999995,1351.64363706324,0.25,1,1,0.25
S004,C,7714.69644911687,348.239166259766,398.239166259766,270.539166259766,169.939166259766,80,55.6628203562286,55.6628203562286,5.99999999999728,1425.05669248316,0.25,1,1,0.25
S005,A,5280.6069368728,276.410888671875,326.410888671875,198.710888671875,131.410888671875,25,NaN,25,2.24486346559174,1122.19045953088,0.25,0,1,0.25
S005,B,5280.6069368728,276.410888671875,326.410888671875,198.710888671875,131.410888671875,30,NaN,30,2.17825605534963,946.17022830179,0.25,0,1,0.25
S005,C,5280.6069368728,276.410888671875,326.410888671875,198.710888671875,131.410888671875,80,NaN,80,5.29264626167971,1001.19052452575,0.25,0,1,0.25
S006,A,3186.20817841349,316.097839355469,366.097839355469,238.397839355469,51.2978393554687,25,NaN,25,1.38967979763507,743.478194123602,0.25,0,1,0.25
S006,B,3186.20817841349,316.097839355469,366.097839355469,238.397839355469,51.2978393554687,30,NaN,30,1.35001978235105,637.271254843152,0.25,0,1,0.25
S006,C,3186.20817841349,316.097839355469,366.097839355469,238.397839355469,51.2978393554687,80,NaN,80,3.25327101476368,685.553867961642,0.25,0,1,0.25
S007,A,4534.46056681513,461.973175048828,511.973175048828,384.273175048828,163.473175048828,25,NaN,25,2.01785645953592,1157.4240845408,0.25,0,1,0.25
S007,B,4534.46056681513,461.973175048828,511.973175048828,384.273175048828,163.473175048828,30,NaN,30,1.95970291122853,1006.2753989803,0.25,0,1,0.25
S007,C,4534.46056681513,461.973175048828,511.973175048828,384.273175048828,163.473175048828,80,NaN,80,4.67934263647628,1097.56645732991,0.25,0,1,0.25
S008,A,8079.03311242328,322.909332275391,372.909332275391,245.209332275391,102.009332275391,25,24.5644599733168,24.5644599733168,3.3749999999994,1601.13253940779,0.25,1,1,0.25
S008,B,8079.03311242328,322.909332275391,372.909332275391,245.209332275391,102.009332275391,30,25.4813491966524,25.4813491966524,2.99999999999792,1331.83143566034,0.25,1,1,0.25
S008,C,8079.03311242328,322.909332275391,372.909332275391,245.209332275391,102.009332275391,80,49.7060894055176,49.7060894055176,5.99999999999775,1389.70121308547,0.25,1,1,0.25
S009,A,5705.14496227701,243.228912353516,293.228912353516,165.528912353516,63.2289123535156,25,NaN,25,2.3868195734949,1118.61323183132,0.25,0,1,0.25
S009,B,5705.14496227701,243.228912353516,293.228912353516,165.528912353516,63.2289123535156,30,NaN,30,2.31634678176773,928.441733088758,0.25,0,1,0.25
S009,C,5705.14496227701,243.228912353516,293.228912353516,165.528912353516,63.2289123535156,80,NaN,80,5.66945091749945,966.568037206596,0.25,0,1,0.25
S010,A,4784.4948516443,385.636535644531,435.636535644531,307.936535644531,84.0365356445312,25,NaN,25,2.07064819165495,1084.8627275527,0.25,0,1,0.25
S010,B,4784.4948516443,385.636535644531,435.636535644531,307.936535644531,84.0365356445312,30,NaN,30,2.01096112788109,925.379565831219,0.25,0,1,0.25
S010,C,4784.4948516443,385.636535644531,435.636535644531,307.936535644531,84.0365356445312,80,NaN,80,4.85866882991643,990.708411046063,0.25,0,1,0.25
S011,A,2808.07423268055,245.361755371094,295.361755371094,167.661755371094,83.2617553710938,25,NaN,25,1.21957762425602,652.022946657695,0.25,0,1,0.25
S011,B,2808.07423268055,245.361755371094,295.361755371094,167.661755371094,83.2617553710938,30,NaN,30,1.18390460937479,558.42047223501,0.25,0,1,0.25
S011,C,2808.07423268055,245.361755371094,295.361755371094,167.661755371094,83.2617553710938,80,NaN,80,2.85317115431804,600.241057358708,0.25,0,1,0.25
S012,A,7390.49168697761,363.300994873047,413.300994873047,285.600994873047,133.500994873047,25,NaN,25,3.13114877508343,1539.0900736434,0.25,0,1,0.25
S012,B,7390.49168697761,363.300994873047,413.300994873047,285.600994873047,133.500994873047,30,29.4332907727767,29.4332907727767,2.99999999999906,1292.74035074415,0.25,1,1,0.25
S012,C,7390.49168697761,363.300994873047,413.300994873047,285.600994873047,133.500994873047,80,61.0869354432361,61.0869354432361,5.99999999999832,1362.5906823685,0.25,1,1,0.25
S013,A,4849.24237722911,349.181823730469,399.181823730469,271.481823730469,47.4818237304688,25,NaN,25,2.07408853159633,1042.11373767621,0.25,0,1,0.25
S013,B,4849.24237722911,349.181823730469,399.181823730469,271.481823730469,47.4818237304688,30,NaN,30,2.01430671296353,880.472325101902,0.25,0,1,0.25
S013,C,4849.24237722911,349.181823730469,399.181823730469,271.481823730469,47.4818237304688,80,NaN,80,4.89141606683327,933.632933012059,0.25,0,1,0.25
S014,A,5419.60185821241,541.947387695312,591.947387695312,464.247387695313,240.947387695312,25,NaN,25,2.42559849208881,1420.40981165519,0.25,0,1,0.25
S014,B,5419.60185821241,541.947387695312,591.947387695312,464.247387695313,240.947387695312,30,NaN,30,2.35523130545233,1239.75641638145,0.25,0,1,0.25
S014,C,5419.60185821241,541.947387695312,591.947387695312,464.247387695313,240.947387695312,80,NaN,80,5.60762886325882,1357.28887894655,0.25,0,1,0.25
S015,A,6009.38297162062,521.799255371094,571.799255371094,444.099255371094,97.2992553710938,25,NaN,25,2.61917730188516,1398.58940314771,0.25,0,1,0.25
S015,B,6009.38297162062,521.799255371094,571.799255371094,444.099255371094,97.2992553710938,30,NaN,30,2.54436572043987,1198.27663742702,0.25,0,1,0.25
S015,C,6009.38297162062,521.799255371094,571.799255371094,444.099255371094,97.2992553710938,80,78.4559644678666,78.4559644678666,5.99999999999827,1288.50972255072,0.25,1,1,0.25
S001,A,3053.9788435177,223.056610107422,273.056610107422,145.356610107422,89.0566101074219,25,NaN,25,1.31268708578659,680.899502077168,0.3,0,1,0.3
S001,B,3053.9788435177,223.056610107422,273.056610107422,145.356610107422,89.0566101074219,30,NaN,30,1.2739184714811,579.100207293245,0.3,0,1,0.3
S001,C,3053.9788435177,223.056610107422,273.056610107422,145.356610107422,89.0566101074219,80,NaN,80,3.08165371934487,618.169077329052,0.3,0,1,0.3
S002,A,7411.31045508378,258.954254150391,308.954254150391,181.254254150391,89.4542541503906,25,NaN,25,3.09041337885862,1433.73798193454,0.3,0,1,0.3
S002,B,7411.31045508378,258.954254150391,308.954254150391,181.254254150391,89.4542541503906,30,26.7465801540857,26.7465801540857,2.79999999999895,1186.69430009841,0.3,1,1,0.3
S002,C,7411.31045508378,258.954254150391,308.954254150391,181.254254150391,89.4542541503906,80,52.9527715683798,52.9527715683798,5.59999999999738,1231.81238481521,0.3,1,1,0.3
S003,A,7263.1792565579,511.804138183594,561.804138183594,434.104138183594,223.304138183594,25,24.7406865834819,24.7406865834819,3.14999999999785,1692.62927876225,0.3,1,1,0.3
S003,B,7263.1792565579,511.804138183594,561.804138183594,434.104138183594,223.304138183594,30,25.4282856184,25.4282856184,2.79999999999824,1450.52330354366,0.3,1,1,0.3
S003,C,7263.1792565579,511.804138183594,561.804138183594,434.104138183594,223.304138183594,80,51.7986383112293,51.7986383112293,5.59999999999836,1560.09134960486,0.3,1,1,0.3
S004,A,7714.69644911687,348.239166259766,398.239166259766,270.539166259766,169.939166259766,25,20.1716476113688,20.1716476113688,3.14999999999874,1608.80018536713,0.3,1,1,0.3
S004,B,7714.69644911687,348.239166259766,398.239166259766,270.539166259766,169.939166259766,30,23.4430616527789,23.4430616527789,2.79999999999868,1351.64363706324,0.3,1,1,0.3
S004,C,7714.69644911687,348.239166259766,398.239166259766,270.539166259766,169.939166259766,80,44.7492687408521,44.7492687408521,5.59999999999893,1425.05669248316,0.3,1,1,0.3
S005,A,5280.6069368728,276.410888671875,326.410888671875,198.710888671875,131.410888671875,25,NaN,25,2.24486346559174,1122.19045953088,0.3,0,1,0.3
S005,B,5280.6069368728,276.410888671875,326.410888671875,198.710888671875,131.410888671875,30,NaN,30,2.17825605534963,946.17022830179,0.3,0,1,0.3
S005,C,5280.6069368728,276.410888671875,326.410888671875,198.710888671875,131.410888671875,80,NaN,80,5.29264626167971,1001.19052452575,0.3,0,1,0.3
S006,A,3186.20817841349,316.097839355469,366.097839355469,238.397839355469,51.2978393554687,25,NaN,25,1.38967979763507,743.478194123602,0.3,0,1,0.3
S006,B,3186.20817841349,316.097839355469,366.097839355469,238.397839355469,51.2978393554687,30,NaN,30,1.35001978235105,637.271254843152,0.3,0,1,0.3
S006,C,3186.20817841349,316.097839355469,366.097839355469,238.397839355469,51.2978393554687,80,NaN,80,3.25327101476368,685.553867961642,0.3,0,1,0.3
S007,A,4534.46056681513,461.973175048828,511.973175048828,384.273175048828,163.473175048828,25,NaN,25,2.01785645953592,1157.4240845408,0.3,0,1,0.3
S007,B,4534.46056681513,461.973175048828,511.973175048828,384.273175048828,163.473175048828,30,NaN,30,1.95970291122853,1006.2753989803,0.3,0,1,0.3
S007,C,4534.46056681513,461.973175048828,511.973175048828,384.273175048828,163.473175048828,80,NaN,80,4.67934263647628,1097.56645732991,0.3,0,1,0.3
S008,A,8079.03311242328,322.909332275391,372.909332275391,245.209332275391,102.009332275391,25,14.2157188240162,14.2157188240162,3.1499999999997,1601.13253940779,0.3,1,1,0.3
S008,B,8079.03311242328,322.909332275391,372.909332275391,245.209332275391,102.009332275391,30,21.0019580703374,21.0019580703374,2.79999999999904,1331.83143566034,0.3,1,1,0.3
S008,C,8079.03311242328,322.909332275391,372.909332275391,245.209332275391,102.009332275391,80,36.8157538978267,36.8157538978267,5.59999999999839,1389.70121308547,0.3,1,1,0.3
S009,A,5705.14496227701,243.228912353516,293.228912353516,165.528912353516,63.2289123535156,25,NaN,25,2.3868195734949,1118.61323183132,0.3,0,1,0.3
S009,B,5705.14496227701,243.228912353516,293.228912353516,165.528912353516,63.2289123535156,30,NaN,30,2.31634678176773,928.441733088758,0.3,0,1,0.3
S009,C,5705.14496227701,243.228912353516,293.228912353516,165.528912353516,63.2289123535156,80,79.1540926291054,79.1540926291054,5.59999999999609,966.568037206596,0.3,1,1,0.3
S010,A,4784.4948516443,385.636535644531,435.636535644531,307.936535644531,84.0365356445312,25,NaN,25,2.07064819165495,1084.8627275527,0.3,0,1,0.3
S010,B,4784.4948516443,385.636535644531,435.636535644531,307.936535644531,84.0365356445312,30,NaN,30,2.01096112788109,925.379565831219,0.3,0,1,0.3
S010,C,4784.4948516443,385.636535644531,435.636535644531,307.936535644531,84.0365356445312,80,NaN,80,4.85866882991643,990.708411046063,0.3,0,1,0.3
S011,A,2808.07423268055,245.361755371094,295.361755371094,167.661755371094,83.2617553710938,25,NaN,25,1.21957762425602,652.022946657695,0.3,0,1,0.3
S011,B,2808.07423268055,245.361755371094,295.361755371094,167.661755371094,83.2617553710938,30,NaN,30,1.18390460937479,558.42047223501,0.3,0,1,0.3
S011,C,2808.07423268055,245.361755371094,295.361755371094,167.661755371094,83.2617553710938,80,NaN,80,2.85317115431804,600.241057358708,0.3,0,1,0.3
S012,A,7390.49168697761,363.300994873047,413.300994873047,285.600994873047,133.500994873047,25,NaN,25,3.13114877508343,1539.0900736434,0.3,0,1,0.3
S012,B,7390.49168697761,363.300994873047,413.300994873047,285.600994873047,133.500994873047,30,25.9851487476226,25.9851487476226,2.79999999999818,1292.74035074415,0.3,1,1,0.3
S012,C,7390.49168697761,363.300994873047,413.300994873047,285.600994873047,133.500994873047,80,51.7577885150968,51.7577885150968,5.59999999999801,1362.5906823685,0.3,1,1,0.3
S013,A,4849.24237722911,349.181823730469,399.181823730469,271.481823730469,47.4818237304688,25,NaN,25,2.07408853159633,1042.11373767621,0.3,0,1,0.3
S013,B,4849.24237722911,349.181823730469,399.181823730469,271.481823730469,47.4818237304688,30,NaN,30,2.01430671296353,880.472325101902,0.3,0,1,0.3
S013,C,4849.24237722911,349.181823730469,399.181823730469,271.481823730469,47.4818237304688,80,NaN,80,4.89141606683327,933.632933012059,0.3,0,1,0.3
S014,A,5419.60185821241,541.947387695312,591.947387695312,464.247387695313,240.947387695312,25,NaN,25,2.42559849208881,1420.40981165519,0.3,0,1,0.3
S014,B,5419.60185821241,541.947387695312,591.947387695312,464.247387695313,240.947387695312,30,NaN,30,2.35523130545233,1239.75641638145,0.3,0,1,0.3
S014,C,5419.60185821241,541.947387695312,591.947387695312,464.247387695313,240.947387695312,80,79.9053556832223,79.9053556832223,5.59999999999425,1357.28887894655,0.3,1,1,0.3
S015,A,6009.38297162062,521.799255371094,571.799255371094,444.099255371094,97.2992553710938,25,NaN,25,2.61917730188516,1398.58940314771,0.3,0,1,0.3
S015,B,6009.38297162062,521.799255371094,571.799255371094,444.099255371094,97.2992553710938,30,NaN,30,2.54436572043987,1198.27663742702,0.3,0,1,0.3
S015,C,6009.38297162062,521.799255371094,571.799255371094,444.099255371094,97.2992553710938,80,73.0093447952822,73.0093447952822,5.59999999999845,1288.50972255072,0.3,1,1,0.3
S001,A,3053.9788435177,223.056610107422,273.056610107422,145.356610107422,89.0566101074219,25,NaN,25,1.31268708578659,680.899502077168,0.35,0,1,0.35
S001,B,3053.9788435177,223.056610107422,273.056610107422,145.356610107422,89.0566101074219,30,NaN,30,1.2739184714811,579.100207293245,0.35,0,1,0.35
S001,C,3053.9788435177,223.056610107422,273.056610107422,145.356610107422,89.0566101074219,80,NaN,80,3.08165371934487,618.169077329052,0.35,0,1,0.35
S002,A,7411.31045508378,258.954254150391,308.954254150391,181.254254150391,89.4542541503906,25,17.2889519783894,17.2889519783894,2.92499999999936,1433.73798193454,0.35,1,1,0.35
S002,B,7411.31045508378,258.954254150391,308.954254150391,181.254254150391,89.4542541503906,30,22.2921953051991,22.2921953051991,2.59999999999951,1186.69430009841,0.35,1,1,0.35
S002,C,7411.31045508378,258.954254150391,308.954254150391,181.254254150391,89.4542541503906,80,40.1549855792837,40.1549855792837,5.19999999999872,1231.81238481521,0.35,1,1,0.35
S003,A,7263.1792565579,511.804138183594,561.804138183594,434.104138183594,223.304138183594,25,13.5841793503459,13.5841793503459,2.92499999999901,1692.62927876225,0.35,1,1,0.35
S003,B,7263.1792565579,511.804138183594,561.804138183594,434.104138183594,223.304138183594,30,20.4420831702919,20.4420831702919,2.59999999999891,1450.52330354366,0.35,1,1,0.35
S003,C,7263.1792565579,511.804138183594,561.804138183594,434.104138183594,223.304138183594,80,38.6393203950138,38.6393203950138,5.19999999999999,1560.09134960486,0.35,1,1,0.35
S004,A,7714.69644911687,348.239166259766,398.239166259766,270.539166259766,169.939166259766,25,5.07400865235468,5.07400865235468,2.92499999999952,1608.80018536713,0.35,1,1,0.35
S004,B,7714.69644911687,348.239166259766,398.239166259766,270.539166259766,169.939166259766,30,17.8278982254778,17.8278982254778,2.59999999999868,1351.64363706324,0.35,1,1,0.35
S004,C,7714.69644911687,348.239166259766,398.239166259766,270.539166259766,169.939166259766,80,28.4957630487042,28.4957630487042,5.19999999999967,1425.05669248316,0.35,1,1,0.35
S005,A,5280.6069368728,276.410888671875,326.410888671875,198.710888671875,131.410888671875,25,NaN,25,2.24486346559174,1122.19045953088,0.35,0,1,0.35
S005,B,5280.6069368728,276.410888671875,326.410888671875,198.710888671875,131.410888671875,30,NaN,30,2.17825605534963,946.17022830179,0.35,0,1,0.35
S005,C,5280.6069368728,276.410888671875,326.410888671875,198.710888671875,131.410888671875,80,78.772339125353,78.772339125353,5.19999999999985,1001.19052452575,0.35,1,1,0.35
S006,A,3186.20817841349,316.097839355469,366.097839355469,238.397839355469,51.2978393554687,25,NaN,25,1.38967979763507,743.478194123602,0.35,0,1,0.35
S006,B,3186.20817841349,316.097839355469,366.097839355469,238.397839355469,51.2978393554687,30,NaN,30,1.35001978235105,637.271254843152,0.35,0,1,0.35
S006,C,3186.20817841349,316.097839355469,366.097839355469,238.397839355469,51.2978393554687,80,NaN,80,3.25327101476368,685.553867961642,0.35,0,1,0.35
S007,A,4534.46056681513,461.973175048828,511.973175048828,384.273175048828,163.473175048828,25,NaN,25,2.01785645953592,1157.4240845408,0.35,0,1,0.35
S007,B,4534.46056681513,461.973175048828,511.973175048828,384.273175048828,163.473175048828,30,NaN,30,1.95970291122853,1006.2753989803,0.35,0,1,0.35
S007,C,4534.46056681513,461.973175048828,511.973175048828,384.273175048828,163.473175048828,80,NaN,80,4.67934263647628,1097.56645732991,0.35,0,1,0.35
S008,A,8079.03311242328,322.909332275391,372.909332275391,245.209332275391,102.009332275391,25,NaN,NaN,NaN,1601.13253940779,0.35,0,0,0.35
S008,B,8079.03311242328,322.909332275391,372.909332275391,245.209332275391,102.009332275391,30,14.4465488850619,14.4465488850619,2.59999999999967,1331.83143566034,0.35,1,1,0.35
S008,C,8079.03311242328,322.909332275391,372.909332275391,245.209332275391,102.009332275391,80,15.6860600670188,15.6860600670188,5.19999999999983,1389.70121308547,0.35,1,1,0.35
S009,A,5705.14496227701,243.228912353516,293.228912353516,165.528912353516,63.2289123535156,25,NaN,25,2.3868195734949,1118.61323183132,0.35,0,1,0.35
S009,B,5705.14496227701,243.228912353516,293.228912353516,165.528912353516,63.2289123535156,30,NaN,30,2.31634678176773,928.441733088758,0.35,0,1,0.35
S009,C,5705.14496227701,243.228912353516,293.228912353516,165.528912353516,63.2289123535156,80,73.4925442853273,73.4925442853273,5.19999999999676,966.568037206596,0.35,1,1,0.35
S010,A,4784.4948516443,385.636535644531,435.636535644531,307.936535644531,84.0365356445312,25,NaN,25,2.07064819165495,1084.8627275527,0.35,0,1,0.35
S010,B,4784.4948516443,385.636535644531,435.636535644531,307.936535644531,84.0365356445312,30,NaN,30,2.01096112788109,925.379565831219,0.35,0,1,0.35
S010,C,4784.4948516443,385.636535644531,435.636535644531,307.936535644531,84.0365356445312,80,NaN,80,4.85866882991643,990.708411046063,0.35,0,1,0.35
S011,A,2808.07423268055,245.361755371094,295.361755371094,167.661755371094,83.2617553710938,25,NaN,25,1.21957762425602,652.022946657695,0.35,0,1,0.35
S011,B,2808.07423268055,245.361755371094,295.361755371094,167.661755371094,83.2617553710938,30,NaN,30,1.18390460937479,558.42047223501,0.35,0,1,0.35
S011,C,2808.07423268055,245.361755371094,295.361755371094,167.661755371094,83.2617553710938,80,NaN,80,2.85317115431804,600.241057358708,0.35,0,1,0.35
S012,A,7390.49168697761,363.300994873047,413.300994873047,285.600994873047,133.500994873047,25,15.0560462908288,15.0560462908288,2.92499999999865,1539.0900736434,0.35,1,1,0.35
S012,B,7390.49168697761,363.300994873047,413.300994873047,285.600994873047,133.500994873047,30,21.2526991163577,21.2526991163577,2.59999999999951,1292.74035074415,0.35,1,1,0.35
S012,C,7390.49168697761,363.300994873047,413.300994873047,285.600994873047,133.500994873047,80,38.5482010471605,38.5482010471605,5.19999999999879,1362.5906823685,0.35,1,1,0.35
S013,A,4849.24237722911,349.181823730469,399.181823730469,271.481823730469,47.4818237304688,25,NaN,25,2.07408853159633,1042.11373767621,0.35,0,1,0.35
S013,B,4849.24237722911,349.181823730469,399.181823730469,271.481823730469,47.4818237304688,30,NaN,30,2.01430671296353,880.472325101902,0.35,0,1,0.35
S013,C,4849.24237722911,349.181823730469,399.181823730469,271.481823730469,47.4818237304688,80,NaN,80,4.89141606683327,933.632933012059,0.35,0,1,0.35
S014,A,5419.60185821241,541.947387695312,591.947387695312,464.247387695313,240.947387695312,25,NaN,25,2.42559849208881,1420.40981165519,0.35,0,1,0.35
S014,B,5419.60185821241,541.947387695312,591.947387695312,464.247387695313,240.947387695312,30,NaN,30,2.35523130545233,1239.75641638145,0.35,0,1,0.35
S014,C,5419.60185821241,541.947387695312,591.947387695312,464.247387695313,240.947387695312,80,74.2437965280988,74.2437965280988,5.19999999999573,1357.28887894655,0.35,1,1,0.35
S015,A,6009.38297162062,521.799255371094,571.799255371094,444.099255371094,97.2992553710938,25,NaN,25,2.61917730188516,1398.58940314771,0.35,0,1,0.35
S015,B,6009.38297162062,521.799255371094,571.799255371094,444.099255371094,97.2992553710938,30,NaN,30,2.54436572043987,1198.27663742702,0.35,0,1,0.35
S015,C,6009.38297162062,521.799255371094,571.799255371094,444.099255371094,97.2992553710938,80,65.9416298353608,65.9416298353608,5.19999999999812,1288.50972255072,0.35,1,1,0.35
S001,A,3053.9788435177,223.056610107422,273.056610107422,145.356610107422,89.0566101074219,25,NaN,25,1.31268708578659,680.899502077168,0.4,0,1,0.4
S001,B,3053.9788435177,223.056610107422,273.056610107422,145.356610107422,89.0566101074219,30,NaN,30,1.2739184714811,579.100207293245,0.4,0,1,0.4
S001,C,3053.9788435177,223.056610107422,273.056610107422,145.356610107422,89.0566101074219,80,NaN,80,3.08165371934487,618.169077329052,0.4,0,1,0.4
S002,A,7411.31045508378,258.954254150391,308.954254150391,181.254254150391,89.4542541503906,25,NaN,NaN,NaN,1433.73798193454,0.4,0,0,0.4
S002,B,7411.31045508378,258.954254150391,308.954254150391,181.254254150391,89.4542541503906,30,15.7037792134906,15.7037792134906,2.39999999999887,1186.69430009841,0.4,1,1,0.4
S002,C,7411.31045508378,258.954254150391,308.954254150391,181.254254150391,89.4542541503906,80,19.2229187939665,19.2229187939665,4.79999999999932,1231.81238481521,0.4,1,1,0.4
S003,A,7263.1792565579,511.804138183594,561.804138183594,434.104138183594,223.304138183594,25,NaN,NaN,NaN,1692.62927876225,0.4,0,0,0.4
S003,B,7263.1792565579,511.804138183594,561.804138183594,434.104138183594,223.304138183594,30,12.8676111431923,12.8676111431923,2.39999999999922,1450.52330354366,0.4,1,1,0.4
S003,C,7263.1792565579,511.804138183594,561.804138183594,434.104138183594,223.304138183594,80,17.3112778097857,17.3112778097857,4.79999999999976,1560.09134960486,0.4,1,1,0.4
S004,A,7714.69644911687,348.239166259766,398.239166259766,270.539166259766,169.939166259766,25,NaN,NaN,NaN,1608.80018536713,0.4,0,0,0.4
S004,B,7714.69644911687,348.239166259766,398.239166259766,270.539166259766,169.939166259766,30,8.6696093431965,8.6696093431965,2.3999999999995,1351.64363706324,0.4,1,1,0.4
S004,C,7714.69644911687,348.239166259766,398.239166259766,270.539166259766,169.939166259766,80,NaN,NaN,NaN,1425.05669248316,0.4,0,0,0.4
S005,A,5280.6069368728,276.410888671875,326.410888671875,198.710888671875,131.410888671875,25,NaN,25,2.24486346559174,1122.19045953088,0.4,0,1,0.4
S005,B,5280.6069368728,276.410888671875,326.410888671875,198.710888671875,131.410888671875,30,NaN,30,2.17825605534963,946.17022830179,0.4,0,1,0.4
S005,C,5280.6069368728,276.410888671875,326.410888671875,198.710888671875,131.410888671875,80,72.4813469439687,72.4813469439687,4.79999999999896,1001.19052452575,0.4,1,1,0.4
S006,A,3186.20817841349,316.097839355469,366.097839355469,238.397839355469,51.2978393554687,25,NaN,25,1.38967979763507,743.478194123602,0.4,0,1,0.4
S006,B,3186.20817841349,316.097839355469,366.097839355469,238.397839355469,51.2978393554687,30,NaN,30,1.35001978235105,637.271254843152,0.4,0,1,0.4
S006,C,3186.20817841349,316.097839355469,366.097839355469,238.397839355469,51.2978393554687,80,NaN,80,3.25327101476368,685.553867961642,0.4,0,1,0.4
S007,A,4534.46056681513,461.973175048828,511.973175048828,384.273175048828,163.473175048828,25,NaN,25,2.01785645953592,1157.4240845408,0.4,0,1,0.4
S007,B,4534.46056681513,461.973175048828,511.973175048828,384.273175048828,163.473175048828,30,NaN,30,1.95970291122853,1006.2753989803,0.4,0,1,0.4
S007,C,4534.46056681513,461.973175048828,511.973175048828,384.273175048828,163.473175048828,80,NaN,80,4.67934263647628,1097.56645732991,0.4,0,1,0.4
S008,A,8079.03311242328,322.909332275391,372.909332275391,245.209332275391,102.009332275391,25,NaN,NaN,NaN,1601.13253940779,0.4,0,0,0.4
S008,B,8079.03311242328,322.909332275391,372.909332275391,245.209332275391,102.009332275391,30,1.40230842831443,1.40230842831443,2.39999999999983,1331.83143566034,0.4,1,1,0.4
S008,C,8079.03311242328,322.909332275391,372.909332275391,245.209332275391,102.009332275391,80,NaN,NaN,NaN,1389.70121308547,0.4,0,0,0.4
S009,A,5705.14496227701,243.228912353516,293.228912353516,165.528912353516,63.2289123535156,25,NaN,25,2.3868195734949,1118.61323183132,0.4,0,1,0.4
S009,B,5705.14496227701,243.228912353516,293.228912353516,165.528912353516,63.2289123535156,30,NaN,30,2.31634678176773,928.441733088758,0.4,0,1,0.4
S009,C,5705.14496227701,243.228912353516,293.228912353516,165.528912353516,63.2289123535156,80,65.9978279610368,65.9978279610368,4.79999999999914,966.568037206596,0.4,1,1,0.4
S010,A,4784.4948516443,385.636535644531,435.636535644531,307.936535644531,84.0365356445312,25,NaN,25,2.07064819165495,1084.8627275527,0.4,0,1,0.4
S010,B,4784.4948516443,385.636535644531,435.636535644531,307.936535644531,84.0365356445312,30,NaN,30,2.01096112788109,925.379565831219,0.4,0,1,0.4
S010,C,4784.4948516443,385.636535644531,435.636535644531,307.936535644531,84.0365356445312,80,79.1557947575347,79.1557947575347,4.79999999999695,990.708411046063,0.4,1,1,0.4
S011,A,2808.07423268055,245.361755371094,295.361755371094,167.661755371094,83.2617553710938,25,NaN,25,1.21957762425602,652.022946657695,0.4,0,1,0.4
S011,B,2808.07423268055,245.361755371094,295.361755371094,167.661755371094,83.2617553710938,30,NaN,30,1.18390460937479,558.42047223501,0.4,0,1,0.4
S011,C,2808.07423268055,245.361755371094,295.361755371094,167.661755371094,83.2617553710938,80,NaN,80,2.85317115431804,600.241057358708,0.4,0,1,0.4
S012,A,7390.49168697761,363.300994873047,413.300994873047,285.600994873047,133.500994873047,25,NaN,NaN,NaN,1539.0900736434,0.4,0,0,0.4
S012,B,7390.49168697761,363.300994873047,413.300994873047,285.600994873047,133.500994873047,30,14.1446226538028,14.1446226538028,2.39999999999924,1292.74035074415,0.4,1,1,0.4
S012,C,7390.49168697761,363.300994873047,413.300994873047,285.600994873047,133.500994873047,80,16.7019958062156,16.7019958062156,4.79999999999916,1362.5906823685,0.4,1,1,0.4
S013,A,4849.24237722911,349.181823730469,399.181823730469,271.481823730469,47.4818237304688,25,NaN,25,2.07408853159633,1042.11373767621,0.4,0,1,0.4
S013,B,4849.24237722911,349.181823730469,399.181823730469,271.481823730469,47.4818237304688,30,NaN,30,2.01430671296353,880.472325101902,0.4,0,1,0.4
S013,C,4849.24237722911,349.181823730469,399.181823730469,271.481823730469,47.4818237304688,80,78.684502174583,78.684502174583,4.79999999999606,933.632933012059,0.4,1,1,0.4
S014,A,5419.60185821241,541.947387695312,591.947387695312,464.247387695313,240.947387695312,25,NaN,25,2.42559849208881,1420.40981165519,0.4,0,1,0.4
S014,B,5419.60185821241,541.947387695312,591.947387695312,464.247387695313,240.947387695312,30,NaN,30,2.35523130545233,1239.75641638145,0.4,0,1,0.4
S014,C,5419.60185821241,541.947387695312,591.947387695312,464.247387695313,240.947387695312,80,66.7598281759274,66.7598281759274,4.79999999999765,1357.28887894655,0.4,1,1,0.4
S015,A,6009.38297162062,521.799255371094,571.799255371094,444.099255371094,97.2992553710938,25,NaN,25,2.61917730188516,1398.58940314771,0.4,0,1,0.4
S015,B,6009.38297162062,521.799255371094,571.799255371094,444.099255371094,97.2992553710938,30,27.2005546515175,27.2005546515175,2.39999999999964,1198.27663742702,0.4,1,1,0.4
S015,C,6009.38297162062,521.799255371094,571.799255371094,444.099255371094,97.2992553710938,80,56.3683209584269,56.3683209584269,4.799999999998,1288.50972255072,0.4,1,1,0.4
S001,A,3053.9788435177,223.056610107422,273.056610107422,145.356610107422,89.0566101074219,25,NaN,25,1.31268708578659,680.899502077168,0.45,0,1,0.45
S001,B,3053.9788435177,223.056610107422,273.056610107422,145.356610107422,89.0566101074219,30,NaN,30,1.2739184714811,579.100207293245,0.45,0,1,0.45
S001,C,3053.9788435177,223.056610107422,273.056610107422,145.356610107422,89.0566101074219,80,NaN,80,3.08165371934487,618.169077329052,0.45,0,1,0.45
S002,A,7411.31045508378,258.954254150391,308.954254150391,181.254254150391,89.4542541503906,25,NaN,NaN,NaN,1433.73798193454,0.45,0,0,0.45
S002,B,7411.31045508378,258.954254150391,308.954254150391,181.254254150391,89.4542541503906,30,2.9138211037025,2.9138211037025,2.19999999999957,1186.69430009841,0.45,1,1,0.45
S002,C,7411.31045508378,258.954254150391,308.954254150391,181.254254150391,89.4542541503906,80,NaN,NaN,NaN,1231.81238481521,0.45,0,0,0.45
S003,A,7263.1792565579,511.804138183594,561.804138183594,434.104138183594,223.304138183594,25,NaN,NaN,NaN,1692.62927876225,0.45,0,0,0.45
S003,B,7263.1792565579,511.804138183594,561.804138183594,434.104138183594,223.304138183594,30,NaN,NaN,NaN,1450.52330354366,0.45,0,0,0.45
S003,C,7263.1792565579,511.804138183594,561.804138183594,434.104138183594,223.304138183594,80,NaN,NaN,NaN,1560.09134960486,0.45,0,0,0.45
S004,A,7714.69644911687,348.239166259766,398.239166259766,270.539166259766,169.939166259766,25,NaN,NaN,NaN,1608.80018536713,0.45,0,0,0.45
S004,B,7714.69644911687,348.239166259766,398.239166259766,270.539166259766,169.939166259766,30,NaN,NaN,NaN,1351.64363706324,0.45,0,0,0.45
S004,C,7714.69644911687,348.239166259766,398.239166259766,270.539166259766,169.939166259766,80,NaN,NaN,NaN,1425.05669248316,0.45,0,0,0.45
S005,A,5280.6069368728,276.410888671875,326.410888671875,198.710888671875,131.410888671875,25,NaN,25,2.24486346559174,1122.19045953088,0.45,0,1,0.45
S005,B,5280.6069368728,276.410888671875,326.410888671875,198.710888671875,131.410888671875,30,NaN,30,2.17825605534963,946.17022830179,0.45,0,1,0.45
S005,C,5280.6069368728,276.410888671875,326.410888671875,198.710888671875,131.410888671875,80,63.9134101985837,63.9134101985837,4.39999999999832,1001.19052452575,0.45,1,1,0.45
S006,A,3186.20817841349,316.097839355469,366.097839355469,238.397839355469,51.2978393554687,25,NaN,25,1.38967979763507,743.478194123602,0.45,0,1,0.45
S006,B,3186.20817841349,316.097839355469,366.097839355469,238.397839355469,51.2978393554687,30,NaN,30,1.35001978235105,637.271254843152,0.45,0,1,0.45
S006,C,3186.20817841349,316.097839355469,366.097839355469,238.397839355469,51.2978393554687,80,NaN,80,3.25327101476368,685.553867961642,0.45,0,1,0.45
S007,A,4534.46056681513,461.973175048828,511.973175048828,384.273175048828,163.473175048828,25,NaN,25,2.01785645953592,1157.4240845408,0.45,0,1,0.45
S007,B,4534.46056681513,461.973175048828,511.973175048828,384.273175048828,163.473175048828,30,NaN,30,1.95970291122853,1006.2753989803,0.45,0,1,0.45
S007,C,4534.46056681513,461.973175048828,511.973175048828,384.273175048828,163.473175048828,80,75.4013040854625,75.4013040854625,4.39999999999618,1097.56645732991,0.45,1,1,0.45
S008,A,8079.03311242328,322.909332275391,372.909332275391,245.209332275391,102.009332275391,25,NaN,NaN,NaN,1601.13253940779,0.45,0,0,0.45
S008,B,8079.03311242328,322.909332275391,372.909332275391,245.209332275391,102.009332275391,30,NaN,NaN,NaN,1331.83143566034,0.45,0,0,0.45
S008,C,8079.03311242328,322.909332275391,372.909332275391,245.209332275391,102.009332275391,80,NaN,NaN,NaN,1389.70121308547,0.45,0,0,0.45
S009,A,5705.14496227701,243.228912353516,293.228912353516,165.528912353516,63.2289123535156,25,NaN,25,2.3868195734949,1118.61323183132,0.45,0,1,0.45
S009,B,5705.14496227701,243.228912353516,293.228912353516,165.528912353516,63.2289123535156,30,27.616567822497,27.616567822497,2.19999999999869,928.441733088758,0.45,1,1,0.45
S009,C,5705.14496227701,243.228912353516,293.228912353516,165.528912353516,63.2289123535156,80,55.5315632289421,55.5315632289421,4.39999999999969,966.568037206596,0.45,1,1,0.45
S010,A,4784.4948516443,385.636535644531,435.636535644531,307.936535644531,84.0365356445312,25,NaN,25,2.07064819165495,1084.8627275527,0.45,0,1,0.45
S010,B,4784.4948516443,385.636535644531,435.636535644531,307.936535644531,84.0365356445312,30,NaN,30,2.01096112788109,925.379565831219,0.45,0,1,0.45
S010,C,4784.4948516443,385.636535644531,435.636535644531,307.936535644531,84.0365356445312,80,72.3089867943781,72.3089867943781,4.3999999999999,990.708411046063,0.45,1,1,0.45
S011,A,2808.07423268055,245.361755371094,295.361755371094,167.661755371094,83.2617553710938,25,NaN,25,1.21957762425602,652.022946657695,0.45,0,1,0.45
S011,B,2808.07423268055,245.361755371094,295.361755371094,167.661755371094,83.2617553710938,30,NaN,30,1.18390460937479,558.42047223501,0.45,0,1,0.45
S011,C,2808.07423268055,245.361755371094,295.361755371094,167.661755371094,83.2617553710938,80,NaN,80,2.85317115431804,600.241057358708,0.45,0,1,0.45
S012,A,7390.49168697761,363.300994873047,413.300994873047,285.600994873047,133.500994873047,25,NaN,NaN,NaN,1539.0900736434,0.45,0,0,0.45
S012,B,7390.49168697761,363.300994873047,413.300994873047,285.600994873047,133.500994873047,30,NaN,NaN,NaN,1292.74035074415,0.45,0,0,0.45
S012,C,7390.49168697761,363.300994873047,413.300994873047,285.600994873047,133.500994873047,80,NaN,NaN,NaN,1362.5906823685,0.45,0,0,0.45
S013,A,4849.24237722911,349.181823730469,399.181823730469,271.481823730469,47.4818237304688,25,NaN,25,2.07408853159633,1042.11373767621,0.45,0,1,0.45
S013,B,4849.24237722911,349.181823730469,399.181823730469,271.481823730469,47.4818237304688,30,NaN,30,2.01430671296353,880.472325101902,0.45,0,1,0.45
S013,C,4849.24237722911,349.181823730469,399.181823730469,271.481823730469,47.4818237304688,80,71.7551964940503,71.7551964940503,4.39999999999702,933.632933012059,0.45,1,1,0.45
S014,A,5419.60185821241,541.947387695312,591.947387695312,464.247387695313,240.947387695312,25,NaN,25,2.42559849208881,1420.40981165519,0.45,0,1,0.45
S014,B,5419.60185821241,541.947387695312,591.947387695312,464.247387695313,240.947387695312,30,26.6004052680364,26.6004052680364,2.19999999999897,1239.75641638145,0.45,1,1,0.45
S014,C,5419.60185821241,541.947387695312,591.947387695312,464.247387695313,240.947387695312,80,56.372384710412,56.372384710412,4.39999999999965,1357.28887894655,0.45,1,1,0.45
S015,A,6009.38297162062,521.799255371094,571.799255371094,444.099255371094,97.2992553710938,25,17.1991570413411,17.1991570413411,2.47499999999972,1398.58940314771,0.45,1,1,0.45
S015,B,6009.38297162062,521.799255371094,571.799255371094,444.099255371094,97.2992553710938,30,21.8970783163968,21.8970783163968,2.19999999999959,1198.27663742702,0.45,1,1,0.45
S015,C,6009.38297162062,521.799255371094,571.799255371094,444.099255371094,97.2992553710938,80,42.5113907857303,42.5113907857303,4.39999999999862,1288.50972255072,0.45,1,1,0.45
S001,A,3053.9788435177,223.056610107422,273.056610107422,145.356610107422,89.0566101074219,25,NaN,25,1.31268708578659,680.899502077168,0.5,0,1,0.5
S001,B,3053.9788435177,223.056610107422,273.056610107422,145.356610107422,89.0566101074219,30,NaN,30,1.2739184714811,579.100207293245,0.5,0,1,0.5
S001,C,3053.9788435177,223.056610107422,273.056610107422,145.356610107422,89.0566101074219,80,NaN,80,3.08165371934487,618.169077329052,0.5,0,1,0.5
S002,A,7411.31045508378,258.954254150391,308.954254150391,181.254254150391,89.4542541503906,25,NaN,NaN,NaN,1433.73798193454,0.5,0,0,0.5
S002,B,7411.31045508378,258.954254150391,308.954254150391,181.254254150391,89.4542541503906,30,NaN,NaN,NaN,1186.69430009841,0.5,0,0,0.5
S002,C,7411.31045508378,258.954254150391,308.954254150391,181.254254150391,89.4542541503906,80,NaN,NaN,NaN,1231.81238481521,0.5,0,0,0.5
S003,A,7263.1792565579,511.804138183594,561.804138183594,434.104138183594,223.304138183594,25,NaN,NaN,NaN,1692.62927876225,0.5,0,0,0.5
S003,B,7263.1792565579,511.804138183594,561.804138183594,434.104138183594,223.304138183594,30,NaN,NaN,NaN,1450.52330354366,0.5,0,0,0.5
S003,C,7263.1792565579,511.804138183594,561.804138183594,434.104138183594,223.304138183594,80,NaN,NaN,NaN,1560.09134960486,0.5,0,0,0.5
S004,A,7714.69644911687,348.239166259766,398.239166259766,270.539166259766,169.939166259766,25,NaN,NaN,NaN,1608.80018536713,0.5,0,0,0.5
S004,B,7714.69644911687,348.239166259766,398.239166259766,270.539166259766,169.939166259766,30,NaN,NaN,NaN,1351.64363706324,0.5,0,0,0.5
S004,C,7714.69644911687,348.239166259766,398.239166259766,270.539166259766,169.939166259766,80,NaN,NaN,NaN,1425.05669248316,0.5,0,0,0.5
S005,A,5280.6069368728,276.410888671875,326.410888671875,198.710888671875,131.410888671875,25,NaN,25,2.24486346559174,1122.19045953088,0.5,0,1,0.5
S005,B,5280.6069368728,276.410888671875,326.410888671875,198.710888671875,131.410888671875,30,25.7699937803227,25.7699937803227,1.9999999999994,946.17022830179,0.5,1,1,0.5
S005,C,5280.6069368728,276.410888671875,326.410888671875,198.710888671875,131.410888671875,80,51.4382023984217,51.4382023984217,3.99999999999845,1001.19052452575,0.5,1,1,0.5
S006,A,3186.20817841349,316.097839355469,366.097839355469,238.397839355469,51.2978393554687,25,NaN,25,1.38967979763507,743.478194123602,0.5,0,1,0.5
S006,B,3186.20817841349,316.097839355469,366.097839355469,238.397839355469,51.2978393554687,30,NaN,30,1.35001978235105,637.271254843152,0.5,0,1,0.5
S006,C,3186.20817841349,316.097839355469,366.097839355469,238.397839355469,51.2978393554687,80,NaN,80,3.25327101476368,685.553867961642,0.5,0,1,0.5
S007,A,4534.46056681513,461.973175048828,511.973175048828,384.273175048828,163.473175048828,25,NaN,25,2.01785645953592,1157.4240845408,0.5,0,1,0.5
S007,B,4534.46056681513,461.973175048828,511.973175048828,384.273175048828,163.473175048828,30,NaN,30,1.95970291122853,1006.2753989803,0.5,0,1,0.5
S007,C,4534.46056681513,461.973175048828,511.973175048828,384.273175048828,163.473175048828,80,66.6602296851488,66.6602296851488,3.99999999999882,1097.56645732991,0.5,1,1,0.5
S008,A,8079.03311242328,322.909332275391,372.909332275391,245.209332275391,102.009332275391,25,NaN,NaN,NaN,1601.13253940779,0.5,0,0,0.5
S008,B,8079.03311242328,322.909332275391,372.909332275391,245.209332275391,102.009332275391,30,NaN,NaN,NaN,1331.83143566034,0.5,0,0,0.5
S008,C,8079.03311242328,322.909332275391,372.909332275391,245.209332275391,102.009332275391,80,NaN,NaN,NaN,1389.70121308547,0.5,0,0,0.5
S009,A,5705.14496227701,243.228912353516,293.228912353516,165.528912353516,63.2289123535156,25,16.6422161430091,16.6422161430091,2.24999999999967,1118.61323183132,0.5,1,1,0.5
S009,B,5705.14496227701,243.228912353516,293.228912353516,165.528912353516,63.2289123535156,30,21.9929770445378,21.9929770445378,1.99999999999877,928.441733088758,0.5,1,1,0.5
S009,C,5705.14496227701,243.228912353516,293.228912353516,165.528912353516,63.2289123535156,80,39.5322967122775,39.5322967122775,3.99999999999948,966.568037206596,0.5,1,1,0.5
S010,A,4784.4948516443,385.636535644531,435.636535644531,307.936535644531,84.0365356445312,25,NaN,25,2.07064819165495,1084.8627275527,0.5,0,1,0.5
S010,B,4784.4948516443,385.636535644531,435.636535644531,307.936535644531,84.0365356445312,30,29.7592537081982,29.7592537081982,1.99999999999947,925.379565831219,0.5,1,1,0.5
S010,C,4784.4948516443,385.636535644531,435.636535644531,307.936535644531,84.0365356445312,80,62.7266049289028,62.7266049289028,3.9999999999997,990.708411046063,0.5,1,1,0.5
S011,A,2808.07423268055,245.361755371094,295.361755371094,167.661755371094,83.2617553710938,25,NaN,25,1.21957762425602,652.022946657695,0.5,0,1,0.5
S011,B,2808.07423268055,245.361755371094,295.361755371094,167.661755371094,83.2617553710938,30,NaN,30,1.18390460937479,558.42047223501,0.5,0,1,0.5
S011,C,2808.07423268055,245.361755371094,295.361755371094,167.661755371094,83.2617553710938,80,NaN,80,2.85317115431804,600.241057358708,0.5,0,1,0.5
S012,A,7390.49168697761,363.300994873047,413.300994873047,285.600994873047,133.500994873047,25,NaN,NaN,NaN,1539.0900736434,0.5,0,0,0.5
S012,B,7390.49168697761,363.300994873047,413.300994873047,285.600994873047,133.500994873047,30,NaN,NaN,NaN,1292.74035074415,0.5,0,0,0.5
S012,C,7390.49168697761,363.300994873047,413.300994873047,285.600994873047,133.500994873047,80,NaN,NaN,NaN,1362.5906823685,0.5,0,0,0.5
S013,A,4849.24237722911,349.181823730469,399.181823730469,271.481823730469,47.4818237304688,25,NaN,25,2.07408853159633,1042.11373767621,0.5,0,1,0.5
S013,B,4849.24237722911,349.181823730469,399.181823730469,271.481823730469,47.4818237304688,30,29.6879477340553,29.6879477340553,1.99999999999758,880.472325101902,0.5,1,1,0.5
S013,C,4849.24237722911,349.181823730469,399.181823730469,271.481823730469,47.4818237304688,80,62.0398309393204,62.0398309393204,3.9999999999981,933.632933012059,0.5,1,1,0.5
S014,A,5419.60185821241,541.947387695312,591.947387695312,464.247387695313,240.947387695312,25,13.8651881371516,13.8651881371516,2.24999999999975,1420.40981165519,0.5,1,1,0.5
S014,B,5419.60185821241,541.947387695312,591.947387695312,464.247387695313,240.947387695312,30,20.2967954504129,20.2967954504129,1.9999999999996,1239.75641638145,0.5,1,1,0.5
S014,C,5419.60185821241,541.947387695312,591.947387695312,464.247387695313,240.947387695312,80,40.795074471971,40.795074471971,3.99999999999898,1357.28887894655,0.5,1,1,0.5
S015,A,6009.38297162062,521.799255371094,571.799255371094,444.099255371094,97.2992553710938,25,NaN,NaN,NaN,1398.58940314771,0.5,0,0,0.5
S015,B,6009.38297162062,521.799255371094,571.799255371094,444.099255371094,97.2992553710938,30,13.4805338799379,13.4805338799379,1.99999999999906,1198.27663742702,0.5,1,1,0.5
S015,C,6009.38297162062,521.799255371094,571.799255371094,444.099255371094,97.2992553710938,80,19.3249805826781,19.3249805826781,3.99999999999999,1288.50972255072,0.5,1,1,0.5
