area,boxes,last_arrival_min,minimum_expected_margin_min,sorties_serving
S001,15,54.2935741189405,5.70642588105951,5
S002,8,48.2583377918745,11.7416622081255,2
S003,8,85.3167200585002,34.6832799414998,2
S004,6,61.1482037557832,58.8517962442168,1
S005,6,89.8946805641908,90.1053194358092,2
S006,6,17.1570322330137,42.8429677669863,1
S007,5,75.2623281430831,15.2301361078265,3
S008,5,76.7401006464071,43.2598993535929,2
S009,3,68.9210619858431,111.078938014157,2
S010,3,27.9239020452982,32.0760979547018,2
S011,3,54.1839107206663,125.816089279334,2
S012,3,19.6883362562013,40.3116637437987,1
S013,3,40.3502381118703,19.6497618881297,2
S014,3,49.9175870957109,39.7873071250956,2
S015,3,87.93068366987,32.06931633013,1
