battery_id,type,sortie_id,takeoff_min,return_min,recharged_min,return_SOC,energy_kWh
A-B01,A,Q2-007,5,34.9614639018487,56.1561183872487,0.40640056221231,2.6711974700446
A-B01,A,Q2-023,56.1561183872487,78.2996722511037,97.8577163204974,0.481936427566445,2.331286075951
A-B02,A,Q2-008,5,37.0888136637926,57.6986120926108,0.433393918669933,2.5497273659853
A-B03,A,Q2-009,5,26.5810454592113,44.6506893794085,0.550631819067821,2.0221568141948
A-B03,A,Q2-017,44.6506893794085,59.999014414028,74.419794517723,0.719040918290998,1.26431586769051
A-B04,A,Q2-010,5,27.790401409013,45.2972750540744,0.576605831766399,1.9052737570512
A-B04,A,Q2-020,45.2972750540744,72.2350302424079,91.0569065254029,0.515913402323309,2.17838968954511
A-B05,A,Q2-012,27.5810454592113,54.5377312633465,73.2335587437295,0.521731039366942,2.15221032284876
A-B06,A,Q2-014,28.790401409013,61.8783910817265,83.7748408520541,0.374010010600267,2.8169549522988
B-B01,B,Q2-001,5,30.5456725124006,61.5349481396283,0.311909689826734,2.75236124069306
B-B01,B,Q2-021,61.7210609047931,87.9182514991318,120.516717655957,0.256206940725286,2.97517223709886
B-B02,B,Q2-002,5,18.1516701215541,37.2286560963437,0.724258177795742,1.10296728881703
B-B02,B,Q2-018,44.4299084565269,70.1270990508655,101.196090803399,0.309150285489221,2.76339885804312
B-B03,B,Q2-013,19.6516701215541,43.4299084565269,74.1377116913115,0.321652964949763,2.71338814020095
B-B03,B,Q2-022,74.1377116913115,98.1089889817611,125.884521198642,0.423154654031048,2.30738138387581
B-B04,B,Q2-016,32.0456725124006,60.2210609047931,91.4087565120989,0.305041305900956,2.77983477639618
C-B01,C,Q2-003,5,19.5028179554842,42.7565646517569,0.740665476103217,2.07467619117427
C-B01,C,Q2-011,42.7565646517569,73.1075095264762,114.769724226124,0.23089251600975,6.152859871922
C-B02,C,Q2-004,5,23.0258977993607,48.6415762096472,0.675258136330527,2.59793490935578
C-B02,C,Q2-015,62.0999409986672,98.4931479718722,140.595661996171,0.218699611634808,6.25040310692154
C-B03,C,Q2-005,22.5028179554842,39.4056359109684,65.5738892745908,0.659956060699687,2.72035151440251
C-B03,C,Q2-019,75.6075095264762,98.294018268572,130.813569860351,0.484073955919974,4.12740835264021
C-B04,C,Q2-006,26.5258977993607,58.5999409986672,99.9358338993608,0.2399291196731,6.0805670426152
