sortie_id,uav_type,uav_id,battery_id,box_ids,service_order,mass_kg,volume_m3,energy_kWh,flight_s,operation_s,start_s,return_s,prep_start_s,prep_end_s,load_start_s,load_end_s,takeoff_s,battery_ready_s,return_SOC,charge_s,service_area_count,box_count,reserve_margin_kWh,takeoff_min,return_min,prep_start_min,load_start_min
Q2-001,B,U05,B-B01,S012-WAT-01;S012-MED-01;S012-FOD-01,S012,25,0.067,2.75236124069306,1292.74035074404,1532.74035074404,300,1832.74035074404,0,300,0,90,300,3692.0968883777,0.311909689826734,1859.35653763366,1,3,0.447638759306937,5,30.5456725124006,0,0
Q2-002,B,U06,B-B02,S001-FOD-03;S001-WAT-06,S001,22,0.055,1.10296728881703,579.100207293244,789.100207293244,300,1089.10020729324,0,300,0,60,300,2233.71936578062,0.724258177795742,1144.61915848738,1,2,2.09703271118297,5,18.1516701215541,0,0
Q2-003,C,U07,C-B01,S001-WAT-03;S001-WAT-08,S001,28,0.054,2.07467619117427,618.169077329051,870.169077329051,300,1170.16907732905,0,300,0,60,300,2565.39387910541,0.740665476103217,1395.22480177636,1,2,4.32532380882573,5,19.5028179554842,0,0
Q2-004,C,U08,C-B02,S006-FOD-01;S006-HYG-01;S006-MED-01;S006-WAT-01;S006-WAT-03;S006-WAT-02,S006,59,0.156,2.59793490935578,685.553867961642,1081.55386796164,300,1381.55386796164,0,300,0,180,300,2918.49457257883,0.675258136330527,1536.94070461719,1,6,3.80206509064422,5,23.0258977993607,0,0
Q2-005,C,U07,C-B03,S001-WAT-02;S001-FOD-02;S001-WAT-07;S001-WAT-04;S001-WAT-05;S001-HYG-01,S001,70,0.171,2.72035151440251,618.169077329051,1014.16907732905,1350.16907732905,2364.3381546581,300,600,1170.16907732905,1350.16907732905,1350.16907732905,3934.43335647545,0.659956060699687,1570.09520181735,1,6,3.67964848559749,22.5028179554842,39.4056359109684,5,19.5028179554842
Q2-006,C,U08,C-B04,S001-HYG-02;S001-FOD-01;S002-WAT-02;S002-WAT-03;S002-WAT-04;S002-FOD-01;S002-HYG-01,S001→S002,70,0.207,6.0805670426152,1312.44259195839,1924.44259195839,1591.55386796164,3515.99645992003,300,600,1381.55386796164,1591.55386796164,1591.55386796164,5996.15003396165,0.2399291196731,2480.15357404162,2,7,0.319432957384802,26.5258977993607,58.5999409986672,5,23.0258977993607
Q2-007,A,U01,A-B01,S013-FOD-01;S013-MED-01;S009-MED-01,S013→S009,14,0.052,2.6711974700446,1407.68783411092,1797.68783411092,300,2097.68783411092,0,300,0,90,300,3369.36710323492,0.40640056221231,1271.679269124,2,3,0.928802529955396,5,34.9614639018487,0,0
Q2-008,A,U02,A-B02,S010-MED-01;S014-MED-01;S014-WAT-01,S014→S010,20,0.051,2.5497273659853,1535.32881982756,1925.32881982756,300,2225.32881982756,0,300,0,90,300,3461.91672555665,0.433393918669933,1236.58790572909,2,3,1.0502726340147,5,37.0888136637926,0,0
Q2-009,A,U03,A-B03,S010-FOD-01;S010-WAT-01,S010,22,0.055,2.0221568141948,1084.86272755268,1294.86272755268,300,1594.86272755268,0,300,0,60,300,2679.04136276451,0.550631819067821,1084.17863521183,1,2,1.5778431858052,5,26.5810454592113,0,0
Q2-010,A,U04,A-B04,S007-WAT-02;S007-MED-01,S007,17,0.039,1.9052737570512,1157.42408454078,1367.42408454078,300,1667.42408454078,0,300,0,60,300,2717.83650324446,0.576605831766399,1050.41241870368,1,2,1.6947262429488,5,27.790401409013,0,0
Q2-011,C,U07,C-B01,S004-WAT-02;S004-WAT-03;S004-FOD-01;S004-HYG-01;S004-MED-01;S004-WAT-01,S004,59,0.156,6.152859871922,1425.05669248316,1821.05669248316,2565.39387910541,4386.45057158857,1350.16907732905,1650.16907732905,2364.3381546581,2544.3381546581,2565.39387910541,6886.18345356745,0.23089251600975,2499.73288197888,1,6,0.247140128077998,42.7565646517569,73.1075095264762,22.5028179554842,39.4056359109684
Q2-012,A,U03,A-B05,S007-WAT-01;S011-FOD-01,S011→S007,22,0.055,2.15221032284876,1257.40114824811,1617.40114824811,1654.86272755268,3272.26387580079,300,600,1594.86272755268,1654.86272755268,1654.86272755268,4394.01352462377,0.521731039366942,1121.74964882298,2,2,1.44778967715124,27.5810454592113,54.5377312633465,5,26.5810454592113
Q2-013,B,U06,B-B03,S002-FOD-02;S002-MED-01;S002-WAT-01,S002,25,0.067,2.71338814020095,1186.69430009837,1426.69430009837,1179.10020729324,2605.79450739161,300,600,1089.10020729324,1179.10020729324,1179.10020729324,4448.26270147869,0.321652964949763,1842.46819408708,1,3,0.486611859799051,19.6516701215541,43.4299084565269,5,18.1516701215541
Q2-014,A,U04,A-B06,S013-WAT-01;S014-FOD-01,S013→S014,22,0.055,2.8169549522988,1625.27938036281,1985.27938036281,1727.42408454078,3712.70346490359,300,600,1667.42408454078,1727.42408454078,1727.42408454078,5026.49045112324,0.374010010600267,1313.78698621965,2,2,0.7830450477012,28.790401409013,61.8783910817265,5,27.790401409013
Q2-015,C,U08,C-B02,S003-WAT-02;S003-WAT-03;S003-WAT-04;S003-FOD-02;S003-HYG-01;S007-HYG-01;S007-FOD-01,S007→S003,70,0.207,6.25040310692154,1571.5924183923,2183.5924183923,3725.99645992003,5909.58887831233,1591.55386796164,1891.55386796164,3515.99645992003,3725.99645992003,3725.99645992003,8435.73971977025,0.218699611634808,2526.15084145792,2,7,0.149596893078465,62.0999409986672,98.4931479718722,26.5258977993607,58.5999409986672
Q2-016,B,U05,B-B04,S003-WAT-01;S003-FOD-01;S003-MED-01,S003,25,0.067,2.77983477639618,1450.52330354355,1690.52330354355,1922.74035074404,3613.26365428759,300,600,1832.74035074404,1922.74035074404,1922.74035074404,5484.52539072593,0.305041305900956,1871.26173643834,1,3,0.420165223603823,32.0456725124006,60.2210609047931,5,30.5456725124006
Q2-017,A,U01,A-B03,S001-MED-01;S001-WAT-01;S001-MED-02,S001,20,0.051,1.26431586769051,680.899502077166,920.899502077166,2679.04136276451,3599.94086484168,300,600,2097.68783411092,2187.68783411092,2679.04136276451,4465.18767106338,0.719040918290998,865.246806221702,1,3,2.33568413230949,44.6506893794085,59.999014414028,5,34.9614639018487
Q2-018,B,U06,B-B02,S008-HYG-01;S008-WAT-01,S008,20,0.062,2.76339885804312,1331.83143566032,1541.83143566032,2665.79450739161,4207.62594305193,1179.10020729324,1479.10020729324,2605.79450739161,2665.79450739161,2665.79450739161,6071.76544820395,0.309150285489221,1864.13950515202,1,2,0.436601141956885,44.4299084565269,70.1270990508655,19.6516701215541,43.4299084565269
Q2-019,C,U07,C-B03,S005-WAT-02;S005-WAT-03;S005-FOD-01;S005-HYG-01;S005-WAT-01,S005,56,0.144,4.12740835264021,1001.19052452575,1361.19052452575,4536.45057158857,5897.64109611432,2565.39387910541,2865.39387910541,4386.45057158857,4536.45057158857,4536.45057158857,7848.81419162104,0.484073955919974,1951.17309550672,1,5,2.27259164735979,75.6075095264762,98.294018268572,42.7565646517569,73.1075095264762
Q2-020,A,U02,A-B04,S005-MED-01;S011-WAT-01;S011-MED-01,S011→S005,20,0.051,2.17838968954511,1226.26531130001,1616.26531130001,2717.83650324446,4334.10181454448,300,600,2225.32881982756,2315.32881982756,2717.83650324446,5463.41439152417,0.515913402323309,1129.3125769797,2,3,1.42161031045489,45.2972750540744,72.2350302424079,5,37.0888136637926
Q2-021,B,U05,B-B01,S008-WAT-02;S008-FOD-01;S008-MED-01,S008,25,0.067,2.97517223709886,1331.83143566032,1571.83143566032,3703.26365428759,5275.09508994791,1922.74035074404,2222.74035074404,3613.26365428759,3703.26365428759,3703.26365428759,7231.00305935742,0.256206940725286,1955.90796940951,1,3,0.224827762901143,61.7210609047931,87.9182514991318,32.0456725124006,60.2210609047931
Q2-022,B,U06,B-B03,S015-MED-01;S015-WAT-01;S015-FOD-01,S015,25,0.067,2.30738138387581,1198.27663742698,1438.27663742698,4448.26270147869,5886.53933890567,2665.79450739161,2965.79450739161,4207.62594305193,4297.62594305193,4448.26270147869,7553.07127191852,0.423154654031048,1666.53193301285,1,3,0.892618616124193,74.1377116913115,98.1089889817611,44.4299084565269,70.1270990508655
Q2-023,A,U03,A-B01,S009-FOD-01;S009-WAT-01,S009,22,0.055,2.331286075951,1118.6132318313,1328.6132318313,3369.36710323492,4697.98033506622,1654.86272755268,1954.86272755268,3272.26387580079,3332.26387580079,3369.36710323492,5871.46297922985,0.481936427566445,1173.48264416362,1,2,1.268713924049,56.1561183872487,78.2996722511037,27.5810454592113,54.5377312633465
