scenario,sortie_weight,time_weight,energy_weight,method,normalized_loss,best_under_weights
time_priority,0.1,0.65,0.25,22-sortie time-first search,0.7494716444761482,False
time_priority,0.1,0.65,0.25,23-sortie route split,0.6028088240427478,False
time_priority,0.1,0.65,0.25,23-sortie local refinement,0.4910638482174158,False
time_priority,0.1,0.65,0.25,23-sortie energy refinement,0.1,True
energy_priority,0.1,0.2,0.7,22-sortie time-first search,0.478520604533215,False
energy_priority,0.1,0.2,0.7,23-sortie route split,0.7727136002177936,False
energy_priority,0.1,0.2,0.7,23-sortie local refinement,0.843404260989974,False
energy_priority,0.1,0.2,0.7,23-sortie energy refinement,0.1,True
balanced,0.3333333333333333,0.3333333333333333,0.3333333333333333,22-sortie time-first search,0.46596219263486427,False
balanced,0.3333333333333333,0.3333333333333333,0.3333333333333333,23-sortie route split,0.7617200428876472,False
balanced,0.3333333333333333,0.3333333333333333,0.3333333333333333,23-sortie local refinement,0.7390071016499568,False
balanced,0.3333333333333333,0.3333333333333333,0.3333333333333333,23-sortie energy refinement,0.3333333333333333,True
sortie_priority,0.6,0.2,0.2,22-sortie time-first search,0.2795773155809186,True
sortie_priority,0.6,0.2,0.2,23-sortie route split,0.8570320257325883,False
sortie_priority,0.6,0.2,0.2,23-sortie local refinement,0.8434042609899741,False
sortie_priority,0.6,0.2,0.2,23-sortie energy refinement,0.6,False
strong_sortie_priority,0.75,0.15,0.1,22-sortie time-first search,0.18978865779045928,True
strong_sortie_priority,0.75,0.15,0.1,23-sortie route split,0.9012058618509208,False
strong_sortie_priority,0.75,0.15,0.1,23-sortie local refinement,0.8825531957424805,False
strong_sortie_priority,0.75,0.15,0.1,23-sortie energy refinement,0.75,False
