site_index_1based,covered_samples,candidate_source
9,386,all_candidate_coverage.mat; 300 seeded weighted greedy static 4-covers plus benchmark selection
10,445,all_candidate_coverage.mat; 300 seeded weighted greedy static 4-covers plus benchmark selection
29,608,all_candidate_coverage.mat; 300 seeded weighted greedy static 4-covers plus benchmark selection
30,900,all_candidate_coverage.mat; 300 seeded weighted greedy static 4-covers plus benchmark selection
31,860,all_candidate_coverage.mat; 300 seeded weighted greedy static 4-covers plus benchmark selection
32,476,all_candidate_coverage.mat; 300 seeded weighted greedy static 4-covers plus benchmark selection
33,800,all_candidate_coverage.mat; 300 seeded weighted greedy static 4-covers plus benchmark selection
34,334,all_candidate_coverage.mat; 300 seeded weighted greedy static 4-covers plus benchmark selection
49,896,all_candidate_coverage.mat; 300 seeded weighted greedy static 4-covers plus benchmark selection
50,893,all_candidate_coverage.mat; 300 seeded weighted greedy static 4-covers plus benchmark selection
51,890,all_candidate_coverage.mat; 300 seeded weighted greedy static 4-covers plus benchmark selection
52,892,all_candidate_coverage.mat; 300 seeded weighted greedy static 4-covers plus benchmark selection
53,890,all_candidate_coverage.mat; 300 seeded weighted greedy static 4-covers plus benchmark selection
54,889,all_candidate_coverage.mat; 300 seeded weighted greedy static 4-covers plus benchmark selection
55,869,all_candidate_coverage.mat; 300 seeded weighted greedy static 4-covers plus benchmark selection
56,866,all_candidate_coverage.mat; 300 seeded weighted greedy static 4-covers plus benchmark selection
57,903,all_candidate_coverage.mat; 300 seeded weighted greedy static 4-covers plus benchmark selection
58,900,all_candidate_coverage.mat; 300 seeded weighted greedy static 4-covers plus benchmark selection
65,395,all_candidate_coverage.mat; 300 seeded weighted greedy static 4-covers plus benchmark selection
68,415,all_candidate_coverage.mat; 300 seeded weighted greedy static 4-covers plus benchmark selection
69,365,all_candidate_coverage.mat; 300 seeded weighted greedy static 4-covers plus benchmark selection
70,398,all_candidate_coverage.mat; 300 seeded weighted greedy static 4-covers plus benchmark selection
71,349,all_candidate_coverage.mat; 300 seeded weighted greedy static 4-covers plus benchmark selection
72,392,all_candidate_coverage.mat; 300 seeded weighted greedy static 4-covers plus benchmark selection
74,386,all_candidate_coverage.mat; 300 seeded weighted greedy static 4-covers plus benchmark selection
76,385,all_candidate_coverage.mat; 300 seeded weighted greedy static 4-covers plus benchmark selection
78,421,all_candidate_coverage.mat; 300 seeded weighted greedy static 4-covers plus benchmark selection
79,356,all_candidate_coverage.mat; 300 seeded weighted greedy static 4-covers plus benchmark selection
80,370,all_candidate_coverage.mat; 300 seeded weighted greedy static 4-covers plus benchmark selection
81,343,all_candidate_coverage.mat; 300 seeded weighted greedy static 4-covers plus benchmark selection
82,404,all_candidate_coverage.mat; 300 seeded weighted greedy static 4-covers plus benchmark selection
83,329,all_candidate_coverage.mat; 300 seeded weighted greedy static 4-covers plus benchmark selection
84,386,all_candidate_coverage.mat; 300 seeded weighted greedy static 4-covers plus benchmark selection
85,371,all_candidate_coverage.mat; 300 seeded weighted greedy static 4-covers plus benchmark selection
86,386,all_candidate_coverage.mat; 300 seeded weighted greedy static 4-covers plus benchmark selection
87,357,all_candidate_coverage.mat; 300 seeded weighted greedy static 4-covers plus benchmark selection
88,386,all_candidate_coverage.mat; 300 seeded weighted greedy static 4-covers plus benchmark selection
92,466,all_candidate_coverage.mat; 300 seeded weighted greedy static 4-covers plus benchmark selection
93,347,all_candidate_coverage.mat; 300 seeded weighted greedy static 4-covers plus benchmark selection
94,462,all_candidate_coverage.mat; 300 seeded weighted greedy static 4-covers plus benchmark selection
95,353,all_candidate_coverage.mat; 300 seeded weighted greedy static 4-covers plus benchmark selection
96,382,all_candidate_coverage.mat; 300 seeded weighted greedy static 4-covers plus benchmark selection
98,385,all_candidate_coverage.mat; 300 seeded weighted greedy static 4-covers plus benchmark selection
99,349,all_candidate_coverage.mat; 300 seeded weighted greedy static 4-covers plus benchmark selection
100,358,all_candidate_coverage.mat; 300 seeded weighted greedy static 4-covers plus benchmark selection
101,386,all_candidate_coverage.mat; 300 seeded weighted greedy static 4-covers plus benchmark selection
102,386,all_candidate_coverage.mat; 300 seeded weighted greedy static 4-covers plus benchmark selection
103,382,all_candidate_coverage.mat; 300 seeded weighted greedy static 4-covers plus benchmark selection
104,386,all_candidate_coverage.mat; 300 seeded weighted greedy static 4-covers plus benchmark selection
105,356,all_candidate_coverage.mat; 300 seeded weighted greedy static 4-covers plus benchmark selection
106,386,all_candidate_coverage.mat; 300 seeded weighted greedy static 4-covers plus benchmark selection
111,450,all_candidate_coverage.mat; 300 seeded weighted greedy static 4-covers plus benchmark selection
112,456,all_candidate_coverage.mat; 300 seeded weighted greedy static 4-covers plus benchmark selection
113,372,all_candidate_coverage.mat; 300 seeded weighted greedy static 4-covers plus benchmark selection
114,469,all_candidate_coverage.mat; 300 seeded weighted greedy static 4-covers plus benchmark selection
116,459,all_candidate_coverage.mat; 300 seeded weighted greedy static 4-covers plus benchmark selection
118,410,all_candidate_coverage.mat; 300 seeded weighted greedy static 4-covers plus benchmark selection
123,376,all_candidate_coverage.mat; 300 seeded weighted greedy static 4-covers plus benchmark selection
124,386,all_candidate_coverage.mat; 300 seeded weighted greedy static 4-covers plus benchmark selection
133,455,all_candidate_coverage.mat; 300 seeded weighted greedy static 4-covers plus benchmark selection
134,390,all_candidate_coverage.mat; 300 seeded weighted greedy static 4-covers plus benchmark selection
135,524,all_candidate_coverage.mat; 300 seeded weighted greedy static 4-covers plus benchmark selection
137,484,all_candidate_coverage.mat; 300 seeded weighted greedy static 4-covers plus benchmark selection
153,429,all_candidate_coverage.mat; 300 seeded weighted greedy static 4-covers plus benchmark selection
155,337,all_candidate_coverage.mat; 300 seeded weighted greedy static 4-covers plus benchmark selection
156,526,all_candidate_coverage.mat; 300 seeded weighted greedy static 4-covers plus benchmark selection
157,567,all_candidate_coverage.mat; 300 seeded weighted greedy static 4-covers plus benchmark selection
159,524,all_candidate_coverage.mat; 300 seeded weighted greedy static 4-covers plus benchmark selection
179,605,all_candidate_coverage.mat; 300 seeded weighted greedy static 4-covers plus benchmark selection
195,866,all_candidate_coverage.mat; 300 seeded weighted greedy static 4-covers plus benchmark selection
204,686,all_candidate_coverage.mat; 300 seeded weighted greedy static 4-covers plus benchmark selection
205,704,all_candidate_coverage.mat; 300 seeded weighted greedy static 4-covers plus benchmark selection
430,330,all_candidate_coverage.mat; 300 seeded weighted greedy static 4-covers plus benchmark selection
431,437,all_candidate_coverage.mat; 300 seeded weighted greedy static 4-covers plus benchmark selection
460,318,all_candidate_coverage.mat; 300 seeded weighted greedy static 4-covers plus benchmark selection
461,667,all_candidate_coverage.mat; 300 seeded weighted greedy static 4-covers plus benchmark selection
492,544,all_candidate_coverage.mat; 300 seeded weighted greedy static 4-covers plus benchmark selection
493,890,all_candidate_coverage.mat; 300 seeded weighted greedy static 4-covers plus benchmark selection
523,844,all_candidate_coverage.mat; 300 seeded weighted greedy static 4-covers plus benchmark selection
524,896,all_candidate_coverage.mat; 300 seeded weighted greedy static 4-covers plus benchmark selection
556,624,all_candidate_coverage.mat; 300 seeded weighted greedy static 4-covers plus benchmark selection
557,780,all_candidate_coverage.mat; 300 seeded weighted greedy static 4-covers plus benchmark selection
811,543,all_candidate_coverage.mat; 300 seeded weighted greedy static 4-covers plus benchmark selection
816,595,all_candidate_coverage.mat; 300 seeded weighted greedy static 4-covers plus benchmark selection
817,602,all_candidate_coverage.mat; 300 seeded weighted greedy static 4-covers plus benchmark selection
831,535,all_candidate_coverage.mat; 300 seeded weighted greedy static 4-covers plus benchmark selection
837,592,all_candidate_coverage.mat; 300 seeded weighted greedy static 4-covers plus benchmark selection
