K,group,resource_type,q3_task,local_resource,start_s,end_s
2,1,A_uav,Q2-001,K2-G1-U01,2302.0902265374966,4065.7677226416645
2,1,A_uav,Q2-003,K2-G1-U01,0.0,2302.0902265374966
2,1,A_uav,Q2-006,K2-G1-U02,0.0,1220.8995020771663
2,1,A_uav,Q2-007,K2-G1-U03,0.0,1967.2481804162503
2,1,A_uav,Q2-009,K2-G1-U04,2285.279381362826,3942.3263177052486
2,1,A_uav,Q2-011,K2-G1-U03,1967.2481804162503,3929.660162371649
2,1,A_uav,Q2-018,K2-G1-U04,0.0,2285.279381362826
2,1,A_uav,Q2-019,K2-G1-U02,1220.8995020771663,3108.5873361880904
2,1,A_uav,Q2-020,K2-G1-U02,3108.5873361880904,5933.082180812905
2,1,A_uav,Q2-022,K2-G1-U04,3942.3263177052486,5933.082180812905
2,1,B_uav,Q2-005,K2-G1-U05,0.0,1089.1002072932436
2,1,B_uav,Q2-010,K2-G1-U05,1089.1002072932436,2602.6591398211435
2,1,B_uav,Q2-012,K2-G1-U06,2376.295292666282,4331.250745152591
2,1,C_uav,Q2-002,K2-G1-U07,0.0,1314.1690773290507
2,1,C_uav,Q2-015,K2-G1-U07,1314.1690773290507,3514.611669287439
2,1,C_uav,Q2-017,K2-G1-U07,3514.611669287439,5908.204087679742
2,1,A_battery,Q2-001,K2-G1-A-B02,2698.3436381008833,5116.180141345346
2,1,A_battery,Q2-003,K2-G1-A-B01,376.76140670993817,3538.6781322665843
2,1,A_battery,Q2-006,K2-G1-A-B02,300.0,2086.1463082988685
2,1,A_battery,Q2-007,K2-G1-A-B03,672.3854528635702,3051.4268156280823
2,1,A_battery,Q2-009,K2-G1-A-B03,3051.4268156280823,4812.773101826787
2,1,A_battery,Q2-011,K2-G1-A-B06,2312.259014123537,5051.409811194626
2,1,A_battery,Q2-018,K2-G1-A-B04,300.0000010000165,3599.066367582479
2,1,A_battery,Q2-019,K2-G1-A-B05,1310.8995020771663,4380.266605312087
2,1,A_battery,Q2-020,K2-G1-A-B04,4604.468948981603,7106.564824976526
2,1,A_battery,Q2-022,K2-G1-A-B01,5071.059234155211,6765.878133269816
2,1,B_battery,Q2-005,K2-G1-B-B01,300.0,2284.601596589314
2,1,B_battery,Q2-010,K2-G1-B-B03,1205.9648397227759,4391.250745152592
2,1,B_battery,Q2-012,K2-G1-B-B04,2640.7274416090404,6202.512481590935
2,1,C_battery,Q2-002,K2-G1-C-B01,300.0,2884.2642791463963
2,1,C_battery,Q2-015,K2-G1-C-B03,1554.1690773290507,6040.833628498551
2,1,C_battery,Q2-017,K2-G1-C-B01,3724.611669287439,8434.354929137657
2,1,R_uav,Q3-R01,K2-G1-R01,36.8737891100433,2584.75781178123
2,1,R_uav,Q3-R02,K2-G1-R02,994.581657071136,3955.72613275585
2,1,R_uav,Q3-R03,K2-G1-R01,2584.75781178123,6184.72738135952
2,1,R_component,Q3-R01,K2-G1-R-B01,36.8737891100433,3028.1876287358
2,1,R_component,Q3-R02,K2-G1-R-B02,994.581657071136,4458.11344537189
2,1,R_component,Q3-R03,K2-G1-R-B03,2584.75781178123,6761.39603194753
2,2,B_uav,Q2-008,K2-G2-U05,4134.060655679513,5933.082180812911
2,2,B_uav,Q2-013,K2-G2-U06,0.0,2376.295292666282
2,2,B_uav,Q2-014,K2-G2-U06,4331.250745152591,5933.082180812912
2,2,B_uav,Q2-023,K2-G2-U05,2602.6591398211435,4134.060655679513
2,2,C_uav,Q2-004,K2-G2-U08,3729.2945016612516,5754.144854317702
2,2,C_uav,Q2-016,K2-G2-U08,0.0,1381.553867961642
2,2,C_uav,Q2-021,K2-G2-U08,1381.553867961642,3729.2945016612516
2,2,B_battery,Q2-008,K2-G2-B-B02,4361.25074515259,7888.990150222416
2,2,B_battery,Q2-013,K2-G2-B-B02,843.5549419222447,4235.651830299943
2,2,B_battery,Q2-014,K2-G2-B-B03,4391.250745152592,7797.221685964929
2,2,B_battery,Q2-023,K2-G2-B-B01,2695.784018252536,5800.592588692363
2,2,C_battery,Q2-004,K2-G2-C-B02,4392.954329791954,7705.317949824424
2,2,C_battery,Q2-016,K2-G2-C-B02,300.0,2918.494572578833
2,2,C_battery,Q2-021,K2-G2-C-B04,1591.553867961642,6292.524174792512
2,2,R_uav,Q3-R01,K2-G2-R01,36.8737891100433,2584.75781178123
2,2,R_uav,Q3-R02,K2-G2-R02,994.581657071136,3955.72613275585
2,2,R_uav,Q3-R03,K2-G2-R01,2584.75781178123,6184.72738135952
2,2,R_uav,Q3-R04,K2-G2-R02,4168.85351386678,6217.87586819412
2,2,R_component,Q3-R01,K2-G2-R-B01,36.8737891100433,3028.1876287358
2,2,R_component,Q3-R02,K2-G2-R-B02,994.581657071136,4458.11344537189
2,2,R_component,Q3-R03,K2-G2-R-B03,2584.75781178123,6761.39603194753
2,2,R_component,Q3-R04,K2-G2-R-B04,4168.85351386678,6609.1855079729
3,1,A_uav,Q2-006,K3-G1-U02,0.0,1220.8995020771663
3,1,A_uav,Q2-009,K3-G1-U04,2285.279381362826,3942.3263177052486
3,1,B_uav,Q2-005,K3-G1-U05,0.0,1089.1002072932436
3,1,B_uav,Q2-010,K3-G1-U05,1089.1002072932436,2602.6591398211435
3,1,B_uav,Q2-023,K3-G1-U05,2602.6591398211435,4134.060655679513
3,1,C_uav,Q2-002,K3-G1-U07,0.0,1314.1690773290507
3,1,C_uav,Q2-015,K3-G1-U07,1314.1690773290507,3514.611669287439
3,1,A_battery,Q2-006,K3-G1-A-B02,300.0,2086.1463082988685
3,1,A_battery,Q2-009,K3-G1-A-B03,3051.4268156280823,4812.773101826787
3,1,B_battery,Q2-005,K3-G1-B-B01,300.0,2284.601596589314
3,1,B_battery,Q2-010,K3-G1-B-B03,1205.9648397227759,4391.250745152592
3,1,B_battery,Q2-023,K3-G1-B-B01,2695.784018252536,5800.592588692363
3,1,C_battery,Q2-002,K3-G1-C-B01,300.0,2884.2642791463963
3,1,C_battery,Q2-015,K3-G1-C-B03,1554.1690773290507,6040.833628498551
3,1,R_uav,Q3-R01,K3-G1-R01,36.8737891100433,2584.75781178123
3,1,R_uav,Q3-R02,K3-G1-R02,994.581657071136,3955.72613275585
3,1,R_uav,Q3-R03,K3-G1-R01,2584.75781178123,6184.72738135952
3,1,R_component,Q3-R01,K3-G1-R-B01,36.8737891100433,3028.1876287358
3,1,R_component,Q3-R02,K3-G1-R-B02,994.581657071136,4458.11344537189
3,1,R_component,Q3-R03,K3-G1-R-B03,2584.75781178123,6761.39603194753
3,2,A_uav,Q2-001,K3-G2-U01,2302.0902265374966,4065.7677226416645
3,2,A_uav,Q2-003,K3-G2-U01,0.0,2302.0902265374966
3,2,A_uav,Q2-007,K3-G2-U03,0.0,1967.2481804162503
3,2,A_uav,Q2-011,K3-G2-U03,1967.2481804162503,3929.660162371649
3,2,A_uav,Q2-018,K3-G2-U04,0.0,2285.279381362826
3,2,A_uav,Q2-019,K3-G2-U02,1220.8995020771663,3108.5873361880904
3,2,A_uav,Q2-020,K3-G2-U02,3108.5873361880904,5933.082180812905
3,2,A_uav,Q2-022,K3-G2-U04,3942.3263177052486,5933.082180812905
3,2,B_uav,Q2-012,K3-G2-U06,2376.295292666282,4331.250745152591
3,2,C_uav,Q2-017,K3-G2-U07,3514.611669287439,5908.204087679742
3,2,A_battery,Q2-001,K3-G2-A-B02,2698.3436381008833,5116.180141345346
3,2,A_battery,Q2-003,K3-G2-A-B01,376.76140670993817,3538.6781322665843
3,2,A_battery,Q2-007,K3-G2-A-B03,672.3854528635702,3051.4268156280823
3,2,A_battery,Q2-011,K3-G2-A-B06,2312.259014123537,5051.409811194626
3,2,A_battery,Q2-018,K3-G2-A-B04,300.0000010000165,3599.066367582479
3,2,A_battery,Q2-019,K3-G2-A-B05,1310.8995020771663,4380.266605312087
3,2,A_battery,Q2-020,K3-G2-A-B04,4604.468948981603,7106.564824976526
3,2,A_battery,Q2-022,K3-G2-A-B01,5071.059234155211,6765.878133269816
3,2,B_battery,Q2-012,K3-G2-B-B04,2640.7274416090404,6202.512481590935
3,2,C_battery,Q2-017,K3-G2-C-B01,3724.611669287439,8434.354929137657
3,2,R_uav,Q3-R01,K3-G2-R01,36.8737891100433,2584.75781178123
3,2,R_uav,Q3-R02,K3-G2-R02,994.581657071136,3955.72613275585
3,2,R_uav,Q3-R03,K3-G2-R01,2584.75781178123,6184.72738135952
3,2,R_component,Q3-R01,K3-G2-R-B01,36.8737891100433,3028.1876287358
3,2,R_component,Q3-R02,K3-G2-R-B02,994.581657071136,4458.11344537189
3,2,R_component,Q3-R03,K3-G2-R-B03,2584.75781178123,6761.39603194753
3,3,B_uav,Q2-008,K3-G3-U05,4134.060655679513,5933.082180812911
3,3,B_uav,Q2-013,K3-G3-U06,0.0,2376.295292666282
3,3,B_uav,Q2-014,K3-G3-U06,4331.250745152591,5933.082180812912
3,3,C_uav,Q2-004,K3-G3-U08,3729.2945016612516,5754.144854317702
3,3,C_uav,Q2-016,K3-G3-U08,0.0,1381.553867961642
3,3,C_uav,Q2-021,K3-G3-U08,1381.553867961642,3729.2945016612516
3,3,B_battery,Q2-008,K3-G3-B-B02,4361.25074515259,7888.990150222416
3,3,B_battery,Q2-013,K3-G3-B-B02,843.5549419222447,4235.651830299943
3,3,B_battery,Q2-014,K3-G3-B-B03,4391.250745152592,7797.221685964929
3,3,C_battery,Q2-004,K3-G3-C-B02,4392.954329791954,7705.317949824424
3,3,C_battery,Q2-016,K3-G3-C-B02,300.0,2918.494572578833
3,3,C_battery,Q2-021,K3-G3-C-B04,1591.553867961642,6292.524174792512
3,3,R_uav,Q3-R01,K3-G3-R01,36.8737891100433,2584.75781178123
3,3,R_uav,Q3-R02,K3-G3-R02,994.581657071136,3955.72613275585
3,3,R_uav,Q3-R03,K3-G3-R01,2584.75781178123,6184.72738135952
3,3,R_uav,Q3-R04,K3-G3-R02,4168.85351386678,6217.87586819412
3,3,R_component,Q3-R01,K3-G3-R-B01,36.8737891100433,3028.1876287358
3,3,R_component,Q3-R02,K3-G3-R-B02,994.581657071136,4458.11344537189
3,3,R_component,Q3-R03,K3-G3-R-B03,2584.75781178123,6761.39603194753
3,3,R_component,Q3-R04,K3-G3-R-B04,4168.85351386678,6609.1855079729
