gap_units,total_units,work_cv,relay_task_copies,groups,need_A_uav,need_B_uav,need_C_uav,need_A_battery,need_B_battery,need_C_battery,need_R_uav,need_R_component
3,32,0.7016930467514686,6,S001;S002;S003;S004;S005;S006;S007;S008;S009;S010;S011;S012;S013;S014 | S015,4,3,2,6,4,4,4,5
4,33,0.734672722702634,6,S001;S002;S003;S004;S005;S006;S007;S008;S009;S010;S011;S013;S014;S015 | S012,4,3,2,6,5,4,4,5
4,34,0.5688146932828076,7,S001;S002;S003;S004;S005;S006;S007;S008;S009;S010;S011;S013;S014 | S012;S015,4,3,2,6,5,4,4,6
6,36,0.3620637381464702,7,S001;S002;S003;S004;S005;S006;S007;S008;S011;S012;S015 | S009;S010;S013;S014,7,2,2,7,4,4,4,6
7,37,0.3065929941500689,7,S001;S002;S003;S004;S005;S006;S007;S008;S011;S012 | S009;S010;S013;S014;S015,7,3,2,7,4,4,4,6
8,38,0.3029497642442183,7,S001;S002;S003;S004;S005;S006;S007;S008;S011;S015 | S009;S010;S012;S013;S014,7,3,2,7,5,4,4,6
8,38,0.24747902024781698,7,S001;S002;S003;S004;S005;S006;S007;S008;S011 | S009;S010;S012;S013;S014;S015,7,3,2,7,5,4,4,6
6,35,0.6647582001201198,6,S001;S002;S003;S004;S005;S006;S007;S009;S010;S011;S012;S013;S014;S015 | S008,4,4,2,6,6,4,4,5
6,36,0.5224886807388758,7,S001;S002;S003;S004;S005;S006;S007;S009;S010;S011;S012;S013;S014 | S008;S015,4,4,2,6,6,4,4,6
5,35,0.455121305504332,8,S001;S002;S003;S004;S005;S006;S007;S009;S010;S011;S013;S014;S015 | S008;S012,4,4,2,6,5,4,4,6
5,35,0.40146042058270814,8,S001;S002;S003;S004;S005;S006;S007;S009;S010;S011;S013;S014 | S008;S012;S015,4,4,2,6,5,4,4,6
10,40,0.2014551851792206,8,S001;S002;S003;S004;S005;S006;S007;S011;S012;S015 | S008;S009;S010;S013;S014,7,4,2,7,6,4,4,6
10,40,0.14779430025759666,8,S001;S002;S003;S004;S005;S006;S007;S011;S012 | S008;S009;S010;S013;S014;S015,7,4,2,7,6,4,4,6
9,39,0.14426993900631185,8,S001;S002;S003;S004;S005;S006;S007;S011;S015 | S008;S009;S010;S012;S013;S014,7,4,2,7,5,4,4,6
9,39,0.0906090540846879,8,S001;S002;S003;S004;S005;S006;S007;S011 | S008;S009;S010;S012;S013;S014;S015,7,4,2,7,5,4,4,6
2,29,0.9504421400153372,4,S001;S002;S003;S004;S005;S007;S008;S009;S010;S011;S012;S013;S014;S015 | S006,4,2,3,6,4,5,2,3
5,34,0.6580901268677316,6,S001;S002;S003;S004;S005;S007;S008;S009;S010;S011;S012;S013;S014 | S006;S015,4,3,3,6,4,5,4,5
6,35,0.6901250604441859,6,S001;S002;S003;S004;S005;S007;S008;S009;S010;S011;S013;S014;S015 | S006;S012,4,3,3,6,5,5,4,5
6,36,0.5271018571240103,7,S001;S002;S003;S004;S005;S007;S008;S009;S010;S011;S013;S014 | S006;S012;S015,4,3,3,6,5,5,4,6
8,38,0.3203509019876728,7,S001;S002;S003;S004;S005;S007;S008;S011;S012;S015 | S006;S009;S010;S013;S014,7,2,3,7,4,5,4,6
9,39,0.2648801579912714,7,S001;S002;S003;S004;S005;S007;S008;S011;S012 | S006;S009;S010;S013;S014;S015,7,3,3,7,4,5,4,6
10,40,0.261236928085421,7,S001;S002;S003;S004;S005;S007;S008;S011;S015 | S006;S009;S010;S012;S013;S014,7,3,3,7,5,5,4,6
10,40,0.2057661840890196,7,S001;S002;S003;S004;S005;S007;S008;S011 | S006;S009;S010;S012;S013;S014;S015,7,3,3,7,5,5,4,6
8,37,0.6203385750767388,6,S001;S002;S003;S004;S005;S007;S009;S010;S011;S012;S013;S014;S015 | S006;S008,4,4,3,6,6,5,4,5
8,38,0.48037067248293636,7,S001;S002;S003;S004;S005;S007;S009;S010;S011;S012;S013;S014 | S006;S008;S015,4,4,3,6,6,5,4,6
7,37,0.41476944541359656,8,S001;S002;S003;S004;S005;S007;S009;S010;S011;S013;S014;S015 | S006;S008;S012,4,4,3,6,5,5,4,6
7,37,0.36110856049197265,8,S001;S002;S003;S004;S005;S007;S009;S010;S011;S013;S014 | S006;S008;S012;S015,4,4,3,6,5,5,4,6
12,42,0.16110332508848532,8,S001;S002;S003;S004;S005;S007;S011;S012;S015 | S006;S008;S009;S010;S013;S014,7,4,3,7,6,5,4,6
12,42,0.10744244016686143,8,S001;S002;S003;S004;S005;S007;S011;S012 | S006;S008;S009;S010;S013;S014;S015,7,4,3,7,6,5,4,6
11,41,0.10391807891557645,8,S001;S002;S003;S004;S005;S007;S011;S015 | S006;S008;S009;S010;S012;S013;S014,7,4,3,7,5,5,4,6
11,41,0.05025719399395255,8,S001;S002;S003;S004;S005;S007;S011 | S006;S008;S009;S010;S012;S013;S014;S015,7,4,3,7,5,5,4,6
4,34,0.5634950658248592,7,S001;S002;S003;S006;S007;S008;S009;S010;S011;S012;S013;S014;S015 | S004;S005,4,2,3,6,4,5,4,6
5,35,0.5074855141197352,7,S001;S002;S003;S006;S007;S008;S009;S010;S011;S012;S013;S014 | S004;S005;S015,4,3,3,6,4,5,4,6
6,36,0.440747271560118,8,S001;S002;S003;S006;S007;S008;S009;S010;S011;S013;S014;S015 | S004;S005;S012,4,3,3,6,5,5,4,6
6,36,0.38708638663849415,8,S001;S002;S003;S006;S007;S008;S009;S010;S011;S013;S014 | S004;S005;S012;S015,4,3,3,6,5,5,4,6
8,38,0.18708115123500674,8,S001;S002;S003;S006;S007;S008;S011;S012;S015 | S004;S005;S009;S010;S013;S014,7,2,3,7,4,5,4,6
9,39,0.13342026631338277,8,S001;S002;S003;S006;S007;S008;S011;S012 | S004;S005;S009;S010;S013;S014;S015,7,3,3,7,4,5,4,6
10,40,0.12989590506209792,8,S001;S002;S003;S006;S007;S008;S011;S015 | S004;S005;S009;S010;S012;S013;S014,7,3,3,7,5,5,4,6
10,40,0.07623502014047398,8,S001;S002;S003;S006;S007;S008;S011 | S004;S005;S009;S010;S012;S013;S014;S015,7,3,3,7,5,5,4,6
8,38,0.4225781203159233,6,S001;S002;S003;S006;S007;S009;S010;S011;S012;S013;S014;S015 | S004;S005;S008,4,4,3,6,6,5,4,6
8,38,0.36459389701452455,6,S001;S002;S003;S006;S007;S009;S010;S011;S012;S013;S014 | S004;S005;S008;S015,4,4,3,6,6,5,4,6
7,37,0.3017987405226534,7,S001;S002;S003;S006;S007;S009;S010;S011;S013;S014;S015 | S004;S005;S008;S012,4,4,3,6,5,5,4,6
7,37,0.24632799652625206,7,S001;S002;S003;S006;S007;S009;S010;S011;S013;S014 | S004;S005;S008;S012;S015,4,4,3,6,5,5,4,6
12,42,0.03957704138991452,7,S001;S002;S003;S006;S007;S011;S012;S015 | S004;S005;S008;S009;S010;S013;S014,7,4,3,7,6,5,4,6
12,42,0.015893702606486846,7,S001;S002;S003;S006;S007;S011;S012 | S004;S005;S008;S009;S010;S013;S014;S015,7,4,3,7,6,5,4,6
11,41,0.01953693251233721,7,S001;S002;S003;S006;S007;S011;S015 | S004;S005;S008;S009;S010;S012;S013;S014,7,4,3,7,5,5,4,6
11,41,0.0750076765087385,7,S001;S002;S003;S006;S007;S011 | S004;S005;S008;S009;S010;S012;S013;S014;S015,7,4,3,7,5,5,4,6
2,32,0.5213770575689198,7,S001;S002;S003;S007;S008;S009;S010;S011;S012;S013;S014;S015 | S004;S005;S006,4,2,2,6,4,4,4,6
3,33,0.46536750586379566,7,S001;S002;S003;S007;S008;S009;S010;S011;S012;S013;S014 | S004;S005;S006;S015,4,3,2,6,4,4,4,6
4,34,0.40039541146938257,8,S001;S002;S003;S007;S008;S009;S010;S011;S013;S014;S015 | S004;S005;S006;S012,4,3,2,6,5,4,4,6
4,34,0.34673452654775866,8,S001;S002;S003;S007;S008;S009;S010;S011;S013;S014 | S004;S005;S006;S012;S015,4,3,2,6,5,4,4,6
6,36,0.14672929114427133,8,S001;S002;S003;S007;S008;S011;S012;S015 | S004;S005;S006;S009;S010;S013;S014,7,2,2,7,4,4,4,6
7,37,0.09306840622264743,8,S001;S002;S003;S007;S008;S011;S012 | S004;S005;S006;S009;S010;S013;S014;S015,7,3,2,7,4,4,4,6
8,38,0.08954404497136251,8,S001;S002;S003;S007;S008;S011;S015 | S004;S005;S006;S009;S010;S012;S013;S014,7,3,2,7,5,4,4,6
8,38,0.03588316004973862,8,S001;S002;S003;S007;S008;S011 | S004;S005;S006;S009;S010;S012;S013;S014;S015,7,3,2,7,5,4,4,6
6,36,0.37897520043218624,6,S001;S002;S003;S007;S009;S010;S011;S012;S013;S014;S015 | S004;S005;S006;S008,4,4,2,6,6,4,4,6
6,36,0.3209909771307875,6,S001;S002;S003;S007;S009;S010;S011;S012;S013;S014 | S004;S005;S006;S008;S015,4,4,2,6,6,4,4,6
5,35,0.26008590436385576,7,S001;S002;S003;S007;S009;S010;S011;S013;S014;S015 | S004;S005;S006;S008;S012,4,4,2,6,5,4,4,6
5,35,0.20461516036745453,7,S001;S002;S003;S007;S009;S010;S011;S013;S014 | S004;S005;S006;S008;S012;S015,4,4,2,6,5,4,4,6
10,40,0.0021357947688828106,7,S001;S002;S003;S007;S011;S012;S015 | S004;S005;S006;S008;S009;S010;S013;S014,7,4,2,7,6,4,4,6
10,40,0.05760653876528425,7,S001;S002;S003;S007;S011;S012 | S004;S005;S006;S008;S009;S010;S013;S014;S015,7,4,2,7,6,4,4,6
9,39,0.06124976867113475,7,S001;S002;S003;S007;S011;S015 | S004;S005;S006;S008;S009;S010;S012;S013;S014,7,4,2,7,5,4,4,6
9,39,0.11672051266753611,7,S001;S002;S003;S007;S011 | S004;S005;S006;S008;S009;S010;S012;S013;S014;S015,7,4,2,7,5,4,4,6
8,37,0.4484060699861648,6,S001;S002;S004;S005;S006;S008;S009;S010;S012;S013;S014;S015 | S003;S007;S011,6,3,3,7,4,5,4,5
10,39,0.390421846684766,6,S001;S002;S004;S005;S006;S008;S009;S010;S012;S013;S014 | S003;S007;S011;S015,6,4,3,7,5,5,4,5
9,39,0.32650710949851824,7,S001;S002;S004;S005;S006;S008;S009;S010;S013;S014;S015 | S003;S007;S011;S012,6,3,3,7,5,5,4,6
10,40,0.27103636550211696,7,S001;S002;S004;S005;S006;S008;S009;S010;S013;S014 | S003;S007;S011;S012;S015,6,4,3,7,5,5,4,6
7,37,0.06428541036577946,7,S001;S002;S004;S005;S006;S008;S012;S015 | S003;S007;S009;S010;S011;S013;S014,5,3,3,7,4,5,4,6
9,39,0.008814666369378176,7,S001;S002;S004;S005;S006;S008;S012 | S003;S007;S009;S010;S011;S013;S014;S015,5,4,3,7,5,5,4,6
8,38,0.0051714364635276,7,S001;S002;S004;S005;S006;S008;S015 | S003;S007;S009;S010;S011;S012;S013;S014,5,3,3,7,5,5,4,6
9,39,0.05029930753287362,7,S001;S002;S004;S005;S006;S008 | S003;S007;S009;S010;S011;S012;S013;S014;S015,5,4,3,7,5,5,4,6
11,41,0.2778274744029687,7,S001;S002;S004;S005;S006;S009;S010;S012;S013;S014;S015 | S003;S007;S008;S011,6,4,3,7,6,5,4,6
12,42,0.2218179226978447,7,S001;S002;S004;S005;S006;S009;S010;S012;S013;S014 | S003;S007;S008;S011;S015,6,4,3,7,7,5,4,6
9,39,0.16705867233990404,8,S001;S002;S004;S005;S006;S009;S010;S013;S014;S015 | S003;S007;S008;S011;S012,6,3,3,7,5,5,4,6
10,40,0.11339778741828015,8,S001;S002;S004;S005;S006;S009;S010;S013;S014 | S003;S007;S008;S011;S012;S015,6,3,3,7,6,5,4,6
10,40,0.08660744798520727,8,S001;S002;S004;S005;S006;S012;S015 | S003;S007;S008;S009;S010;S011;S013;S014,5,4,3,7,6,5,4,6
11,41,0.14026833290683122,8,S001;S002;S004;S005;S006;S012 | S003;S007;S008;S009;S010;S011;S013;S014;S015,5,4,3,7,7,5,4,6
8,38,0.14379269415811607,8,S001;S002;S004;S005;S006;S015 | S003;S007;S008;S009;S010;S011;S012;S013;S014,5,3,3,7,5,5,4,6
9,39,0.19745357907974004,8,S001;S002;S004;S005;S006 | S003;S007;S008;S009;S010;S011;S012;S013;S014;S015,5,3,3,7,6,5,4,6
7,36,0.4048031501024277,6,S001;S002;S004;S005;S008;S009;S010;S012;S013;S014;S015 | S003;S006;S007;S011,6,3,3,7,4,4,4,5
9,38,0.346818926801029,6,S001;S002;S004;S005;S008;S009;S010;S012;S013;S014 | S003;S006;S007;S011;S015,6,4,3,7,5,4,4,5
8,38,0.28479427333972074,7,S001;S002;S004;S005;S008;S009;S010;S013;S014;S015 | S003;S006;S007;S011;S012,6,3,3,7,5,4,4,6
9,39,0.22932352934331945,7,S001;S002;S004;S005;S008;S009;S010;S013;S014 | S003;S006;S007;S011;S012;S015,6,4,3,7,5,4,4,6
6,36,0.02257257420698207,7,S001;S002;S004;S005;S008;S012;S015 | S003;S006;S007;S009;S010;S011;S013;S014,5,3,3,7,4,4,4,6
8,38,0.03289816978941936,7,S001;S002;S004;S005;S008;S012 | S003;S006;S007;S009;S010;S011;S013;S014;S015,5,4,3,7,5,4,4,6
7,37,0.0365413996952698,7,S001;S002;S004;S005;S008;S015 | S003;S006;S007;S009;S010;S011;S012;S013;S014,5,3,3,7,5,4,4,6
8,38,0.0920121436916711,7,S001;S002;S004;S005;S008 | S003;S006;S007;S009;S010;S011;S012;S013;S014;S015,5,4,3,7,5,4,4,6
10,40,0.23570946614702923,7,S001;S002;S004;S005;S009;S010;S012;S013;S014;S015 | S003;S006;S007;S008;S011,6,4,3,7,6,4,4,6
11,41,0.17969991444190528,7,S001;S002;S004;S005;S009;S010;S012;S013;S014 | S003;S006;S007;S008;S011;S015,6,4,3,7,7,4,4,6
8,38,0.1267068122491687,8,S001;S002;S004;S005;S009;S010;S013;S014;S015 | S003;S006;S007;S008;S011;S012,6,3,3,7,5,4,4,6
9,39,0.07304592732754474,8,S001;S002;S004;S005;S009;S010;S013;S014 | S003;S006;S007;S008;S011;S012;S015,6,3,3,7,6,4,4,6
9,39,0.1269593080759427,8,S001;S002;S004;S005;S012;S015 | S003;S006;S007;S008;S009;S010;S011;S013;S014,5,4,3,7,6,4,4,6
10,40,0.18062019299756657,8,S001;S002;S004;S005;S012 | S003;S006;S007;S008;S009;S010;S011;S013;S014;S015,5,4,3,7,7,4,4,6
7,37,0.1841445542488515,8,S001;S002;S004;S005;S015 | S003;S006;S007;S008;S009;S010;S011;S012;S013;S014,5,3,3,7,5,4,4,6
8,38,0.2378054391704754,8,S001;S002;S004;S005 | S003;S006;S007;S008;S009;S010;S011;S012;S013;S014;S015,5,3,3,7,6,4,4,6
10,40,0.26282430778382787,7,S001;S002;S006;S008;S009;S010;S012;S013;S014;S015 | S003;S004;S005;S007;S011,6,3,4,7,4,6,4,6
12,42,0.20681475607870387,7,S001;S002;S006;S008;S009;S010;S012;S013;S014 | S003;S004;S005;S007;S011;S015,6,4,4,7,5,6,4,6
11,41,0.15268463839569005,8,S001;S002;S006;S008;S009;S010;S013;S014;S015 | S003;S004;S005;S007;S011;S012,6,3,4,7,5,6,4,6
12,42,0.09902375347406615,8,S001;S002;S006;S008;S009;S010;S013;S014 | S003;S004;S005;S007;S011;S012;S015,6,4,4,7,5,6,4,6
9,39,0.10098148192942126,8,S001;S002;S006;S008;S012;S015 | S003;S004;S005;S007;S009;S010;S011;S013;S014,5,3,4,7,4,6,4,6
11,41,0.15464236685104515,8,S001;S002;S006;S008;S012 | S003;S004;S005;S007;S009;S010;S011;S013;S014;S015,5,4,4,7,5,6,4,6
10,40,0.15816672810233007,8,S001;S002;S006;S008;S015 | S003;S004;S005;S007;S009;S010;S011;S012;S013;S014,5,3,4,7,5,6,4,6
11,41,0.21182761302395403,8,S001;S002;S006;S008 | S003;S004;S005;S007;S009;S010;S011;S012;S013;S014;S015,5,4,4,7,5,6,4,6
13,43,0.1113069202492208,6,S001;S002;S006;S009;S010;S012;S013;S014;S015 | S003;S004;S005;S007;S008;S011,6,4,4,7,6,6,4,6
14,44,0.053322696947821976,6,S001;S002;S006;S009;S010;S012;S013;S014 | S003;S004;S005;S007;S008;S011;S015,6,4,4,7,7,6,4,6
11,41,0.0040204127419627405,7,S001;S002;S006;S009;S010;S013;S014;S015 | S003;S004;S005;S007;S008;S011;S012,6,3,4,7,5,6,4,6
12,42,0.0514503312544387,7,S001;S002;S006;S009;S010;S013;S014 | S003;S004;S005;S007;S008;S011;S012;S015,6,3,4,7,6,6,4,6
12,42,0.25820128639077616,7,S001;S002;S006;S012;S015 | S003;S004;S005;S007;S008;S009;S010;S011;S013;S014,5,4,4,7,6,6,4,6
13,43,0.31367203038717745,7,S001;S002;S006;S012 | S003;S004;S005;S007;S008;S009;S010;S011;S013;S014;S015,5,4,4,7,7,6,4,6
10,40,0.317315260293028,7,S001;S002;S006;S015 | S003;S004;S005;S007;S008;S009;S010;S011;S012;S013;S014,5,3,4,7,5,6,4,6
11,41,0.37278600428942926,7,S001;S002;S006 | S003;S004;S005;S007;S008;S009;S010;S011;S012;S013;S014;S015,5,3,4,7,6,6,4,6
8,38,0.22070629952788842,7,S001;S002;S008;S009;S010;S012;S013;S014;S015 | S003;S004;S005;S006;S007;S011,6,3,3,7,4,5,4,6
10,40,0.16469674782276444,7,S001;S002;S008;S009;S010;S012;S013;S014 | S003;S004;S005;S006;S007;S011;S015,6,4,3,7,5,5,4,6
9,39,0.1123327783049547,8,S001;S002;S008;S009;S010;S013;S014;S015 | S003;S004;S005;S006;S007;S011;S012,6,3,3,7,5,5,4,6
10,40,0.05867189338333074,8,S001;S002;S008;S009;S010;S013;S014 | S003;S004;S005;S006;S007;S011;S012;S015,6,4,3,7,5,5,4,6
7,37,0.14133334202015663,8,S001;S002;S008;S012;S015 | S003;S004;S005;S006;S007;S009;S010;S011;S013;S014,5,3,3,7,4,5,4,6
9,39,0.19499422694178056,8,S001;S002;S008;S012 | S003;S004;S005;S006;S007;S009;S010;S011;S013;S014;S015,5,4,3,7,5,5,4,6
8,38,0.1985185881930655,8,S001;S002;S008;S015 | S003;S004;S005;S006;S007;S009;S010;S011;S012;S013;S014,5,3,3,7,5,5,4,6
9,39,0.25217947311468936,8,S001;S002;S008 | S003;S004;S005;S006;S007;S009;S010;S011;S012;S013;S014;S015,5,4,3,7,5,5,4,6
11,41,0.06770400036548375,6,S001;S002;S009;S010;S012;S013;S014;S015 | S003;S004;S005;S006;S007;S008;S011,6,4,3,7,6,5,4,6
12,42,0.009719777064085054,6,S001;S002;S009;S010;S012;S013;S014 | S003;S004;S005;S006;S007;S008;S011;S015,6,4,3,7,7,5,4,6
9,39,0.037692423416834805,7,S001;S002;S009;S010;S013;S014;S015 | S003;S004;S005;S006;S007;S008;S011;S012,6,3,3,7,5,5,4,6
10,40,0.09316316741323609,7,S001;S002;S009;S010;S013;S014 | S003;S004;S005;S006;S007;S008;S011;S012;S015,6,3,3,7,6,5,4,6
10,40,0.2999141225495736,7,S001;S002;S012;S015 | S003;S004;S005;S006;S007;S008;S009;S010;S011;S013;S014,5,4,3,7,6,5,4,6
11,41,0.355384866545975,7,S001;S002;S012 | S003;S004;S005;S006;S007;S008;S009;S010;S011;S013;S014;S015,5,4,3,7,7,5,4,6
8,38,0.3590280964518253,7,S001;S002;S015 | S003;S004;S005;S006;S007;S008;S009;S010;S011;S012;S013;S014,5,3,3,7,5,5,4,6
9,39,0.41449884044822677,7,S001;S002 | S003;S004;S005;S006;S007;S008;S009;S010;S011;S012;S013;S014;S015,5,3,3,7,6,5,4,6
